decision;cap-diameter;cap-shape;cap-surface;cap-color;does-bruise-or-bleed;gill-attachment;gill-spacing;gill-color;stem-height;stem-width;stem-root;stem-surface;stem-color;has-ring;habitat;season
p;3,7;f;d;b;f;x;c;y;4,66;2,98;b;s;n;f;l;a
p;3,46;f;d;n;f;x;c;y;4,15;2,89;b;s;n;f;d;a
p;3,24;f;d;n;f;x;c;w;4,16;2,84;b;s;n;f;l;u
p;3,98;f;d;n;f;x;c;w;4,87;3,04;b;s;n;f;l;u
p;3,86;f;d;b;f;x;c;w;4,09;3;b;i;n;f;d;a
p;4,14;f;d;b;f;x;c;w;4,45;3,23;b;s;n;f;l;u
p;2,75;f;d;b;f;x;c;w;3,44;2,55;b;s;n;f;d;u
p;3,96;f;d;b;f;x;c;w;4,57;3,03;b;s;n;f;d;u
p;4,18;f;d;n;f;x;c;w;4,72;3,25;b;i;n;f;l;u
p;3,61;f;d;b;f;x;c;w;4,09;3,44;b;s;n;f;l;u
p;3,74;f;d;b;f;x;c;y;4,98;2,9;b;s;n;f;d;u
p;3,69;f;d;n;f;x;c;w;5,78;3,78;b;s;n;f;l;a
p;4,03;f;d;b;f;x;c;w;4,18;2,97;b;s;n;f;l;a
p;4,85;f;d;b;f;x;c;w;5,16;3,64;b;i;n;f;l;a
p;4,03;f;d;b;f;x;c;y;4,6;3,18;b;s;n;f;l;a
p;3,52;f;d;n;f;x;c;y;5,14;2,98;b;s;n;f;d;u
p;3,06;f;d;n;f;x;c;y;4,28;2,73;b;i;n;f;d;a
p;3,43;f;d;n;f;x;c;y;5,37;3,27;b;i;n;f;d;u
p;2,76;f;d;n;f;x;c;w;4,14;3,01;b;i;n;f;d;u
p;3,03;f;d;b;f;x;c;w;5,2;3,69;b;s;n;f;d;u
p;3,33;f;d;n;f;x;c;y;4,24;3,03;b;i;n;f;l;u
p;3,43;f;d;b;f;x;c;w;3,97;3,08;b;s;n;f;l;a
p;3,57;f;d;n;f;x;c;y;3,74;2,54;b;i;n;f;l;a
p;4,11;f;d;n;f;x;c;y;4,14;2,74;b;s;n;f;d;u
p;3,78;f;d;b;f;x;c;w;4,45;3,07;b;s;n;f;d;a
p;3,26;f;d;b;f;x;c;w;4,53;3,48;b;s;n;f;d;u
p;3,58;f;d;n;f;x;c;y;4,67;3,19;b;s;n;f;d;a
p;3,24;f;d;b;f;x;c;w;4,17;3,53;b;i;n;f;l;a
p;2,86;f;d;b;f;x;c;w;4,31;3,13;b;s;n;f;d;a
p;3,66;f;d;b;f;x;c;w;4,02;2,85;b;i;n;f;l;a
p;3,65;f;d;n;f;x;c;w;5,11;3,26;b;s;n;f;l;a
p;3,22;f;d;n;f;x;c;y;4,01;2,79;b;s;n;f;l;a
p;3;f;d;b;f;x;c;y;4,66;2,53;b;i;n;f;d;a
p;3,96;f;d;n;f;x;c;w;4,92;3,02;b;i;n;f;l;u
p;3,01;f;d;b;f;x;c;y;3,77;2,53;b;s;n;f;d;a
p;2,37;f;d;b;f;x;c;w;3,73;2,72;b;i;n;f;d;a
p;3,47;f;d;n;f;x;c;w;4,16;3,08;b;s;n;f;l;a
p;3,73;f;d;b;f;x;c;y;4,3;3,07;b;i;n;f;l;a
p;3,53;f;d;n;f;x;c;w;4,54;3,17;b;i;n;f;d;u
p;2,41;f;d;b;f;x;c;y;3,77;2,25;b;i;n;f;l;u
p;4,58;f;d;b;f;x;c;y;4,08;3,01;b;s;n;f;l;a
p;3,4;f;d;n;f;x;c;w;4,05;3,04;b;s;n;f;l;u
p;3,62;f;d;b;f;x;c;w;4,8;3,28;b;s;n;f;l;a
p;3,26;f;d;b;f;x;c;w;4,79;3,36;b;i;n;f;d;a
p;4,37;f;d;b;f;x;c;y;5,14;3,2;b;i;n;f;l;a
p;3,31;f;d;n;f;x;c;w;3,96;2,65;b;i;n;f;d;a
p;3,83;f;d;n;f;x;c;w;3,56;2,51;b;s;n;f;d;a
p;3,53;f;d;n;f;x;c;y;4,22;2,83;b;i;n;f;d;a
p;3,46;f;d;n;f;x;c;y;4,46;2,83;b;i;n;f;l;a
p;3,32;f;d;n;f;x;c;w;3,6;2,33;b;s;n;f;d;u
p;3,07;f;d;n;f;x;c;w;4,33;2,62;b;s;n;f;d;u
p;3,03;f;d;n;f;x;c;y;3,84;2,68;b;i;n;f;d;a
p;3,36;f;d;b;f;x;c;w;4,1;3,09;b;i;n;f;l;u
p;3,19;f;d;b;f;x;c;w;4,43;2,89;b;s;n;f;d;a
p;3,52;f;d;b;f;x;c;w;4,08;2,75;b;s;n;f;d;u
p;3,51;f;d;n;f;x;c;y;4,04;3;b;i;n;f;d;u
p;4,29;f;d;n;f;x;c;w;4,45;3,32;b;s;n;f;d;u
p;4,17;f;d;n;f;x;c;y;5,74;3,65;b;s;n;f;d;u
p;2,5;f;d;n;f;x;c;w;3,55;2,71;b;s;n;f;l;u
p;3,2;f;d;n;f;x;c;y;4,44;2,58;b;i;n;f;l;u
p;3,15;f;d;b;f;x;c;w;3,28;2,17;b;i;n;f;l;u
p;3,29;f;d;n;f;x;c;w;4,01;2,68;b;i;n;f;d;a
p;3,72;f;d;b;f;x;c;w;4,17;2,3;b;i;n;f;l;u
p;3,44;f;d;b;f;x;c;y;5,03;3,3;b;s;n;f;d;u
p;3,56;f;d;n;f;x;c;w;3,73;2,89;b;s;n;f;d;u
p;3,19;f;d;n;f;x;c;w;4,46;2,96;b;s;n;f;l;u
p;3,78;f;d;b;f;x;c;y;4,48;3,06;b;s;n;f;d;a
p;3,63;f;d;b;f;x;c;w;4,49;2,78;b;i;n;f;l;a
p;3,23;f;d;n;f;x;c;y;3,39;2,28;b;s;n;f;d;a
p;3,78;f;d;n;f;x;c;y;4,64;3,22;b;i;n;f;d;u
p;4,27;f;d;n;f;x;c;w;5,28;2,98;b;s;n;f;l;u
p;3,36;f;d;n;f;x;c;y;3,72;2,69;b;s;n;f;d;a
p;3,78;f;d;n;f;x;c;w;4,66;2,82;b;s;n;f;d;u
p;3,96;f;d;n;f;x;c;y;5,11;3,54;b;s;n;f;l;u
p;4,57;f;d;b;f;x;c;w;5,4;3,22;b;i;n;f;l;a
p;3,54;f;d;n;f;x;c;w;4,46;3,03;b;s;n;f;l;a
p;3,42;f;d;b;f;x;c;w;4,69;3,31;b;i;n;f;l;u
p;2,93;f;d;b;f;x;c;w;4,12;2,45;b;s;n;f;l;a
p;3,59;f;d;n;f;x;c;y;4,42;2,53;b;i;n;f;l;u
p;3,34;f;d;b;f;x;c;w;4,54;3,31;b;s;n;f;d;a
p;4,55;f;d;n;f;x;c;w;5,5;3,09;b;s;n;f;d;a
p;4,05;f;d;n;f;x;c;w;3,85;3,24;b;i;n;f;d;u
p;3,87;f;d;b;f;x;c;w;4,97;2,75;b;s;n;f;d;u
p;3,91;f;d;n;f;x;c;y;4,57;2,99;b;i;n;f;l;a
p;3,49;f;d;n;f;x;c;y;5,13;3,33;b;i;n;f;l;u
p;2,91;f;d;n;f;x;c;w;4,76;3,23;b;s;n;f;l;u
p;3,42;f;d;n;f;x;c;y;4,87;3,27;b;i;n;f;d;a
p;3,76;f;d;n;f;x;c;w;4,82;3,27;b;i;n;f;l;a
p;4,23;f;d;b;f;x;c;w;4,75;3,36;b;i;n;f;l;a
p;3,85;f;d;b;f;x;c;y;5,34;3,44;b;s;n;f;l;a
p;3,45;f;d;b;f;x;c;y;4,46;3,14;b;i;n;f;l;u
p;3,92;f;d;b;f;x;c;w;5,43;3,33;b;i;n;f;l;u
p;4,04;f;d;b;f;x;c;w;5,37;2,9;b;i;n;f;l;a
p;2,85;f;d;n;f;x;c;w;3,76;2,62;b;s;n;f;d;u
p;3,63;f;d;n;f;x;c;w;4,55;2,79;b;s;n;f;l;u
p;4,15;f;d;n;f;x;c;y;4,65;3,44;b;s;n;f;l;u
p;3,89;f;d;n;f;x;c;y;4,46;3,28;b;s;n;f;l;u
p;3,25;f;d;n;f;x;c;y;4,31;2,68;b;s;n;f;l;a
p;2,94;f;d;n;f;x;c;w;4,53;3,29;b;s;n;f;l;u
p;3,19;f;d;n;f;x;c;w;3,43;2,34;b;s;n;f;l;u
p;3,52;f;d;n;f;x;c;w;4,46;3,15;b;s;n;f;d;u
p;2,74;f;d;b;f;x;c;y;4,76;2,89;b;s;n;f;d;a
p;4,24;f;d;b;f;x;c;w;4,94;3,47;b;s;n;f;l;a
p;3,25;f;d;b;f;x;c;y;3,65;2,89;b;i;n;f;d;u
p;4,17;f;d;b;f;x;c;y;4,36;3,08;b;s;n;f;l;a
p;4,23;f;d;b;f;x;c;y;4,8;2,92;b;s;n;f;d;u
p;3,78;f;d;b;f;x;c;w;4,33;3,4;b;s;n;f;l;u
p;3,33;f;d;n;f;x;c;w;5,22;3,36;b;s;n;f;l;a
p;2,67;f;d;b;f;x;c;w;4,59;2,67;b;i;n;f;d;a
p;3,66;f;d;b;f;x;c;w;3,99;2,98;b;s;n;f;d;u
p;3,13;f;d;n;f;x;c;w;4,27;2,92;b;i;n;f;d;a
p;3,56;f;d;n;f;x;c;y;5,86;3,75;b;s;n;f;d;u
p;3,25;f;d;b;f;x;c;w;3,95;2,73;b;s;n;f;d;a
p;3,97;f;d;n;f;x;c;y;5,1;2,86;b;s;n;f;d;u
p;3,22;f;d;n;f;x;c;y;4,25;3,06;b;s;n;f;d;a
p;3,67;f;d;b;f;x;c;w;4,68;2,89;b;s;n;f;d;a
p;3,74;f;d;n;f;x;c;w;4,68;2,86;b;i;n;f;l;a
p;2,93;f;d;n;f;x;c;w;3,73;2,94;b;i;n;f;d;u
p;4,31;f;d;b;f;x;c;y;4,58;3,09;b;s;n;f;d;a
p;3,85;f;d;b;f;x;c;w;5,48;3,92;b;s;n;f;l;a
p;4,27;f;d;b;f;x;c;w;4,54;2,67;b;i;n;f;l;a
p;3,6;f;d;n;f;x;c;w;5;2,94;b;s;n;f;l;a
p;3,4;f;d;b;f;x;c;y;5,48;3,41;b;i;n;f;d;u
p;3,23;f;d;b;f;x;c;y;4,67;2,77;b;i;n;f;d;a
p;3,57;f;d;n;f;x;c;y;4,34;2,94;b;s;n;f;d;u
p;3,09;f;d;n;f;x;c;w;4,53;2,58;b;s;n;f;d;a
p;3,37;f;d;n;f;x;c;y;4,31;2,83;b;i;n;f;l;a
p;2,93;f;d;n;f;x;c;w;4,37;3,43;b;s;n;f;l;a
p;3,05;f;d;n;f;x;c;w;3,94;2,76;b;i;n;f;d;u
p;3,51;f;d;b;f;x;c;y;3,46;2,88;b;i;n;f;l;a
p;3,7;f;d;n;f;x;c;y;5,45;3,72;b;s;n;f;d;u
p;3,66;f;d;n;f;x;c;y;4,79;3,25;b;i;n;f;d;u
p;3,1;f;d;n;f;x;c;y;3,77;2,81;b;i;n;f;l;a
p;3,97;f;d;b;f;x;c;w;5,11;3,41;b;s;n;f;d;u
p;2,95;f;d;n;f;x;c;y;4,94;3,45;b;i;n;f;d;u
p;3,55;f;d;n;f;x;c;w;4,65;3,31;b;i;n;f;d;a
p;3,22;f;d;n;f;x;c;y;4,41;2,78;b;s;n;f;d;a
p;4,14;f;d;b;f;x;c;w;5,57;3,62;b;s;n;f;l;a
p;4,45;f;d;b;f;x;c;y;5,63;4,23;b;i;n;f;l;a
p;3,64;f;d;n;f;x;c;y;4,51;2,75;b;s;n;f;d;u
p;4,38;f;d;b;f;x;c;w;5,37;3,6;b;s;n;f;l;a
p;3,64;f;d;b;f;x;c;y;4,31;3,13;b;s;n;f;l;a
p;4,04;f;d;b;f;x;c;y;4,5;3,17;b;i;n;f;d;a
p;3,64;f;d;n;f;x;c;y;4,05;3,02;b;i;n;f;l;u
p;3,41;f;d;n;f;x;c;y;3,98;2,94;b;s;n;f;d;a
p;3,78;f;d;n;f;x;c;y;4,6;2,82;b;i;n;f;l;a
p;4,55;f;d;n;f;x;c;w;5,87;3,65;b;i;n;f;d;u
p;3,84;f;d;n;f;x;c;w;4,37;2,99;b;i;n;f;d;u
p;3,26;f;d;b;f;x;c;y;4,24;2,59;b;i;n;f;l;u
p;3,28;f;d;b;f;x;c;y;4,27;2,89;b;i;n;f;l;a
p;3,91;f;d;n;f;x;c;y;4,64;3,05;b;s;n;f;d;a
p;3,38;f;d;n;f;x;c;w;4,81;3,16;b;i;n;f;l;a
p;2,67;f;d;n;f;x;c;y;3,9;2,83;b;i;n;f;d;u
p;4,71;f;d;b;f;x;c;y;5,24;3,48;b;i;n;f;l;a
p;3,16;f;d;b;f;x;c;w;4,54;2,91;b;s;n;f;l;u
p;4;f;d;b;f;x;c;y;4,6;3,02;b;s;n;f;l;a
p;2,98;f;d;n;f;x;c;y;4,97;2,79;b;i;n;f;d;a
p;3,39;f;d;n;f;x;c;y;4,81;3,06;b;s;n;f;l;u
p;3,68;f;d;b;f;x;c;y;3,82;2,44;b;i;n;f;d;u
p;4,92;f;d;b;f;x;c;w;4,84;3,3;b;s;n;f;d;a
p;3,36;f;d;n;f;x;c;y;4,6;3,04;b;i;n;f;l;u
p;2,83;f;d;b;f;x;c;y;4,58;3,26;b;s;n;f;d;u
p;3,37;f;d;b;f;x;c;y;4,77;3,01;b;s;n;f;l;a
p;3,2;f;d;n;f;x;c;w;3,74;2,81;b;s;n;f;l;a
p;3,64;f;d;n;f;x;c;y;3,77;2,76;b;i;n;f;l;u
p;4,16;f;d;n;f;x;c;w;4,48;3,03;b;i;n;f;d;u
p;3,9;f;d;b;f;x;c;w;5,39;3,81;b;i;n;f;d;u
p;4,44;f;d;n;f;x;c;w;4,26;2,77;b;i;n;f;l;a
p;3,52;f;d;b;f;x;c;y;4,2;2,74;b;s;n;f;l;a
p;3,13;f;d;b;f;x;c;y;3,79;2,6;b;i;n;f;l;a
p;2,58;f;d;b;f;x;c;w;3,99;2,5;b;s;n;f;d;u
p;3,12;f;d;b;f;x;c;y;4,82;3,21;b;s;n;f;l;a
p;3,24;f;d;n;f;x;c;y;4,37;2,61;b;s;n;f;l;u
p;3,45;f;d;b;f;x;c;w;3,75;2,81;b;s;n;f;l;a
p;4,07;f;d;n;f;x;c;y;4,87;3,11;b;i;n;f;l;a
p;3,49;f;d;n;f;x;c;y;4,91;3,34;b;i;n;f;d;u
p;3,03;f;d;n;f;x;c;y;3,84;2,64;b;s;n;f;l;a
p;1,77;f;d;n;f;x;c;y;3,52;2,32;b;s;n;f;d;u
p;3,32;f;d;n;f;x;c;y;3,9;2,69;b;s;n;f;d;a
p;3,51;f;d;b;f;x;c;w;4,11;2,87;b;s;n;f;l;a
p;3,84;f;d;n;f;x;c;w;4,97;3,49;b;i;n;f;d;u
p;3,34;f;d;n;f;x;c;y;4,46;3,13;b;i;n;f;l;a
p;3,58;f;d;b;f;x;c;y;4,18;3;b;s;n;f;l;a
p;3,6;f;d;n;f;x;c;y;5,23;2,76;b;s;n;f;l;u
p;3,01;f;d;b;f;x;c;y;4,3;2,89;b;i;n;f;l;a
p;3,83;f;d;b;f;x;c;y;4,76;3,16;b;s;n;f;d;a
p;4,11;f;d;b;f;x;c;w;4,5;2,99;b;i;n;f;l;u
p;3,65;f;d;b;f;x;c;w;4,78;3,08;b;s;n;f;l;a
p;2,83;f;d;n;f;x;c;w;4,01;2,8;b;i;n;f;d;u
p;2,58;f;d;n;f;x;c;w;3,33;2,07;b;s;n;f;d;a
p;3,26;f;d;n;f;x;c;y;4,37;2,92;b;i;n;f;l;u
p;4;f;d;n;f;x;c;w;4,65;3,21;b;i;n;f;l;a
p;3,71;f;d;b;f;x;c;w;4,32;3,43;b;i;n;f;l;u
p;3,75;f;d;n;f;x;c;y;4,9;2,93;b;i;n;f;l;u
p;3,07;f;d;b;f;x;c;y;4,47;2,82;b;s;n;f;l;u
p;3,36;f;d;n;f;x;c;w;4,75;3,19;b;i;n;f;d;u
p;3,49;f;d;n;f;x;c;y;4,43;2,81;b;s;n;f;l;u
p;3,47;f;d;b;f;x;c;y;3,89;2,39;b;i;n;f;d;a
p;3,32;f;d;n;f;x;c;y;4,18;3,03;b;i;n;f;d;a
p;3,73;f;d;b;f;x;c;y;5,3;3,45;b;i;n;f;l;a
p;3,4;f;d;n;f;x;c;y;4,07;2,81;b;i;n;f;d;a
p;3,2;f;d;n;f;x;c;y;4,2;3,21;b;s;n;f;l;u
p;2,99;f;d;n;f;x;c;w;4;3,01;b;s;n;f;l;a
p;3,39;f;d;n;f;x;c;y;4,71;3,26;b;i;n;f;d;a
p;3,03;f;d;n;f;x;c;y;4,32;2,47;b;s;n;f;d;u
p;3,64;f;d;b;f;x;c;y;4,72;3,61;b;i;n;f;d;a
p;2,68;f;d;b;f;x;c;y;3,44;2,44;b;i;n;f;l;u
p;3,26;f;d;n;f;x;c;w;4,19;2,31;b;s;n;f;l;a
p;2,26;f;d;n;f;x;c;w;4,01;2,78;b;s;n;f;d;a
p;2,92;f;d;n;f;x;c;y;3,85;2,34;b;s;n;f;d;u
p;3,25;f;d;n;f;x;c;y;4,59;3,35;b;i;n;f;d;a
p;2,5;f;d;b;f;x;c;w;3,44;2,42;b;s;n;f;d;a
p;3,79;f;d;b;f;x;c;w;5,11;3,17;b;s;n;f;l;u
p;3,31;f;d;n;f;x;c;y;4,69;2,82;b;s;n;f;l;a
p;3,56;f;d;n;f;x;c;w;4,3;2,92;b;s;n;f;l;a
p;3,51;f;d;b;f;x;c;w;4,35;2,99;b;i;n;f;l;a
p;3,58;f;d;n;f;x;c;y;4,26;3,03;b;i;n;f;l;a
p;2,99;f;d;b;f;x;c;w;3,79;2,58;b;s;n;f;d;u
p;3,83;f;d;n;f;x;c;w;4,95;3,15;b;s;n;f;d;a
p;3,7;f;d;n;f;x;c;y;5,27;3,41;b;i;n;f;d;a
p;3,48;f;d;n;f;x;c;y;4,32;3,11;b;i;n;f;l;a
p;3,15;f;d;b;f;x;c;w;4,13;2,39;b;i;n;f;l;a
p;3,87;f;d;b;f;x;c;w;4,53;2,62;b;i;n;f;l;a
p;3,34;f;d;b;f;x;c;w;5,37;3,32;b;i;n;f;l;u
p;2,42;f;d;b;f;x;c;w;4,38;2,69;b;s;n;f;l;u
p;4,39;f;d;b;f;x;c;y;4;3,51;b;s;n;f;l;a
p;4,5;f;d;b;f;x;c;w;4,73;3,11;b;s;n;f;l;u
p;3,4;f;d;n;f;x;c;w;4,38;3,4;b;i;n;f;l;a
p;3,8;f;d;n;f;x;c;w;4,48;3;b;s;n;f;d;u
p;3,81;f;d;b;f;x;c;w;4,73;2,75;b;s;n;f;l;a
p;3,14;f;d;n;f;x;c;w;5,09;3,43;b;s;n;f;d;a
p;3,89;f;d;b;f;x;c;w;3,74;2,89;b;s;n;f;l;a
p;3,88;f;d;b;f;x;c;w;4,89;3,06;b;s;n;f;d;a
p;3,4;f;d;b;f;x;c;w;3,59;2,55;b;i;n;f;d;u
p;3,98;f;d;n;f;x;c;w;4,83;3,35;b;s;n;f;l;u
p;3,43;f;d;n;f;x;c;w;4,78;3,13;b;i;n;f;d;a
p;3,05;f;d;b;f;x;c;y;3,75;2,54;b;i;n;f;l;u
p;3,42;f;d;n;f;x;c;w;4,3;3,24;b;s;n;f;l;a
p;3,5;f;d;n;f;x;c;w;4,34;2,67;b;i;n;f;d;u
p;2,93;f;d;b;f;x;c;y;4,3;2,69;b;i;n;f;d;a
p;3,32;f;d;n;f;x;c;w;4,95;2,99;b;s;n;f;d;u
p;3,81;f;d;b;f;x;c;w;4,68;3,41;b;s;n;f;d;a
p;4;f;d;n;f;x;c;w;4,56;3,04;b;s;n;f;d;a
p;2,96;f;d;b;f;x;c;y;4,31;2,73;b;s;n;f;l;u
p;3,23;f;d;n;f;x;c;w;3,91;2,86;b;s;n;f;d;u
p;2,82;f;d;b;f;x;c;w;4,28;2,77;b;i;n;f;d;a
p;3,31;f;d;b;f;x;c;y;4,46;3,05;b;s;n;f;l;u
p;4,07;f;d;n;f;x;c;w;4,6;3,24;b;i;n;f;l;u
p;2,39;f;d;b;f;x;c;w;3,56;2,57;b;s;n;f;d;a
p;3,49;f;d;n;f;x;c;y;4,91;3,14;b;s;n;f;d;u
p;3,28;f;d;n;f;x;c;y;4,66;3,36;b;i;n;f;d;u
p;3,14;f;d;b;f;x;c;w;4,62;3,24;b;i;n;f;l;a
p;3,01;f;d;n;f;x;c;w;4,85;3,04;b;s;n;f;d;a
p;3,48;f;d;b;f;x;c;y;4,71;3,44;b;s;n;f;d;u
p;3,48;f;d;b;f;x;c;w;4,44;3,24;b;i;n;f;l;a
p;3,24;f;d;b;f;x;c;y;4,91;2,87;b;i;n;f;l;a
p;3,09;f;d;b;f;x;c;w;4,13;2,74;b;s;n;f;l;u
p;2,95;f;d;n;f;x;c;y;3,83;2,3;b;i;n;f;l;a
p;4,02;f;d;n;f;x;c;w;5,05;3,34;b;i;n;f;l;a
p;3,72;f;d;b;f;x;c;w;5,09;3,14;b;s;n;f;d;u
p;3,12;f;d;n;f;x;c;y;3,81;2,94;b;i;n;f;d;u
p;3,46;f;d;b;f;x;c;w;4,37;2,85;b;s;n;f;d;a
p;3,29;f;d;b;f;x;c;y;3,77;2,73;b;i;n;f;l;u
p;3,69;f;d;b;f;x;c;w;5,29;3,54;b;i;n;f;d;u
p;3,12;f;d;n;f;x;c;y;3,93;2,69;b;s;n;f;l;u
p;3,85;f;d;b;f;x;c;y;4,33;2,68;b;s;n;f;l;u
p;3,72;f;d;n;f;x;c;w;4,87;3,61;b;s;n;f;d;u
p;3,74;f;d;b;f;x;c;w;4,64;3,15;b;i;n;f;d;a
p;2,45;f;d;b;f;x;c;y;3,65;2,45;b;s;n;f;l;a
p;2,47;f;d;b;f;x;c;y;4,14;2,6;b;s;n;f;d;a
p;3,1;f;d;b;f;x;c;y;4,92;2,64;b;s;n;f;d;u
p;3,66;f;d;b;f;x;c;y;4,4;2,74;b;s;n;f;l;u
p;2,53;f;d;n;f;x;c;y;4,75;2,88;b;s;n;f;l;u
p;3,28;f;d;n;f;x;c;w;4,87;3,19;b;i;n;f;l;a
p;3,66;f;d;b;f;x;c;w;4,23;3;b;i;n;f;l;u
p;3,27;f;d;n;f;x;c;y;4,21;3,03;b;s;n;f;l;a
p;3,62;f;d;b;f;x;c;w;5,22;3,34;b;i;n;f;l;a
p;3,18;f;d;b;f;x;c;y;4,52;2,5;b;s;n;f;l;a
p;3,67;f;d;b;f;x;c;w;4,29;2,38;b;i;n;f;d;a
p;2,58;f;d;n;f;x;c;y;3,87;2,9;b;i;n;f;l;a
p;2,82;f;d;n;f;x;c;w;3,63;2,8;b;s;n;f;d;a
p;3,51;f;d;n;f;x;c;y;4,08;3,05;b;i;n;f;l;a
p;4,07;f;d;b;f;x;c;w;4,82;3;b;i;n;f;d;u
p;4,21;f;d;b;f;x;c;w;4,85;2,95;b;i;n;f;d;a
p;4,1;f;d;b;f;x;c;w;4,99;3,34;b;s;n;f;d;a
p;3,79;f;d;b;f;x;c;y;4,54;3,28;b;i;n;f;d;a
p;3,85;f;d;n;f;x;c;w;4,76;3,23;b;s;n;f;l;a
p;4,35;f;d;b;f;x;c;w;5,18;3,52;b;s;n;f;d;u
p;3,8;f;d;n;f;x;c;w;3,76;2,93;b;i;n;f;d;u
p;3,87;f;d;n;f;x;c;w;4,85;3,35;b;i;n;f;l;a
p;3,43;f;d;b;f;x;c;w;4,58;3,32;b;i;n;f;d;u
p;3,41;f;d;n;f;x;c;y;4,82;2,97;b;i;n;f;d;u
p;3,47;f;d;n;f;x;c;w;3,98;2,87;b;s;n;f;d;u
p;3,85;f;d;n;f;x;c;y;4,64;3,32;b;i;n;f;d;a
p;3,14;f;d;n;f;x;c;w;4,31;2,62;b;s;n;f;d;u
p;3,5;f;d;b;f;x;c;w;4,11;2,74;b;i;n;f;d;a
p;3,17;f;d;n;f;x;c;y;4,19;2,82;b;s;n;f;l;u
p;3,63;f;d;b;f;x;c;y;4,25;3,07;b;i;n;f;d;u
p;4,56;f;d;b;f;x;c;w;4,39;3,36;b;i;n;f;l;u
p;3,2;f;d;n;f;x;c;y;4,71;2,78;b;i;n;f;l;a
p;2,68;f;d;n;f;x;c;y;4,34;2,62;b;s;n;f;l;u
p;3,81;f;d;n;f;x;c;w;4,53;3,06;b;s;n;f;l;u
p;3,31;f;d;n;f;x;c;y;3,88;2,77;b;i;n;f;d;a
p;4,33;f;d;n;f;x;c;w;5,36;3,73;b;i;n;f;l;u
p;3,58;f;d;b;f;x;c;w;4,72;3,05;b;s;n;f;d;u
p;3,93;f;d;n;f;x;c;y;4,75;2,99;b;s;n;f;l;u
p;3,11;f;d;b;f;x;c;y;4,72;2,9;b;i;n;f;l;u
p;3,59;f;d;b;f;x;c;w;4,94;2,73;b;i;n;f;d;u
p;3,82;f;d;b;f;x;c;y;4,56;3,31;b;i;n;f;l;a
p;4,04;f;d;b;f;x;c;y;5,3;3,08;b;s;n;f;l;u
p;4,04;f;d;n;f;x;c;y;4,42;3,05;b;i;n;f;l;u
p;4,14;f;d;b;f;x;c;w;4,84;3,48;b;s;n;f;l;a
p;3,14;f;d;b;f;x;c;y;4,97;3,35;b;s;n;f;d;a
p;3,63;f;d;b;f;x;c;y;4,37;3,09;b;i;n;f;l;a
p;3,39;f;d;n;f;x;c;y;3,72;2,51;b;i;n;f;d;a
p;3,01;f;d;b;f;x;c;w;3,62;2,68;b;i;n;f;d;u
p;3,55;f;d;n;f;x;c;w;4,39;3,17;b;s;n;f;d;u
p;2,46;f;d;b;f;x;c;y;4,31;2,49;b;s;n;f;l;a
p;3,41;f;d;n;f;x;c;y;4,46;2,63;b;s;n;f;d;a
p;3,4;f;d;b;f;x;c;y;3,43;2,32;b;i;n;f;l;u
p;3,69;f;d;n;f;x;c;y;5,26;2,91;b;s;n;f;d;u
p;4,03;f;d;n;f;x;c;w;4,95;3,36;b;i;n;f;l;u
p;3,88;f;d;n;f;x;c;w;4,5;3,2;b;i;n;f;l;a
p;2,88;f;d;n;f;x;c;y;4,79;2,71;b;i;n;f;l;u
p;3,77;f;d;b;f;x;c;y;4,4;3,15;b;i;n;f;d;a
p;3,57;f;d;n;f;x;c;w;4,93;3,22;b;i;n;f;d;a
p;4,47;f;d;b;f;x;c;w;5,1;3,55;b;s;n;f;l;a
p;3,46;f;d;n;f;x;c;w;4,27;2,93;b;s;n;f;d;a
p;3,11;f;d;n;f;x;c;w;3,97;2,89;b;s;n;f;l;u
p;4,05;f;d;n;f;x;c;w;5,15;3,5;b;i;n;f;d;u
p;4,08;f;d;b;f;x;c;w;4,94;2,93;b;i;n;f;d;a
p;4,11;f;d;b;f;x;c;w;4,63;3,51;b;s;n;f;d;u
p;2,97;f;d;n;f;x;c;w;3,74;2,79;b;i;n;f;l;u
p;3,21;f;d;n;f;x;c;w;4,93;3,11;b;s;n;f;d;a
p;2,93;f;d;b;f;x;c;w;4,76;3,24;b;s;n;f;l;a
p;3,38;f;d;b;f;x;c;y;4,94;3,43;b;s;n;f;l;u
p;3,44;f;d;b;f;x;c;w;4,87;3,31;b;i;n;f;l;u
p;3,53;f;d;n;f;x;c;w;5;3,26;b;i;n;f;d;a
p;3,12;f;d;n;f;x;c;w;3,86;2,85;b;i;n;f;l;u
p;3,32;f;d;n;f;x;c;w;4,62;2,82;b;s;n;f;d;a
p;2,87;f;d;n;f;x;c;w;4,23;2,98;b;s;n;f;d;a
p;4,15;f;d;n;f;x;c;w;5,07;3,79;b;s;n;f;l;a
p;2,74;f;d;b;f;x;c;w;4,21;2,85;b;i;n;f;l;u
p;2,35;f;d;n;f;x;c;y;3,54;2,52;b;s;n;f;d;a
p;3,42;f;d;n;f;x;c;y;5,12;2,91;b;s;n;f;l;u
p;3,46;f;d;n;f;x;c;y;3,98;2,92;b;i;n;f;l;u
p;2,87;f;d;n;f;x;c;w;4;3,17;b;s;n;f;d;u
p;4,93;f;d;b;f;x;c;w;5,89;3,71;b;s;n;f;l;a
p;3,61;f;d;n;f;x;c;w;4,63;3,4;b;s;n;f;l;u
p;3,66;f;d;b;f;x;c;y;4,79;3,61;b;i;n;f;d;a
p;3,53;f;d;b;f;x;c;y;4,63;2,62;b;s;n;f;d;a
p;4,05;f;d;b;f;x;c;w;5,14;3,53;b;s;n;f;l;u
p;3,43;f;d;b;f;x;c;y;4,21;2,75;b;i;n;f;l;u
p;7,07;x;s;r;t;s;d;w;7,08;17,24;r;i;n;f;d;u
p;5,04;x;s;n;t;s;d;r;4,65;12,66;r;i;w;f;d;a
p;7,41;x;s;g;t;s;d;w;5,56;14,59;r;i;n;f;d;u
p;6,67;x;s;r;t;s;d;w;5,19;13,09;r;i;n;f;d;a
p;6,63;x;s;r;t;s;d;r;5,86;14,42;r;y;w;f;d;a
p;6,12;x;s;r;t;s;d;w;5,56;15,39;r;i;n;f;d;a
p;7,56;x;s;g;t;s;d;w;6,64;17,15;r;y;n;f;d;u
p;6,6;x;s;r;t;s;d;w;4,97;16,81;r;y;n;f;d;a
p;5,63;x;s;g;t;s;d;r;5,37;14,11;r;i;n;f;d;a
p;6,28;x;s;n;t;s;d;r;4,6;10,35;r;y;w;f;d;u
p;7,59;x;s;r;t;s;d;r;7,05;16,76;r;i;w;f;d;u
p;8,38;x;s;n;t;s;d;w;5,92;15,52;r;i;w;f;d;a
p;5,79;x;s;n;t;s;d;w;4,05;13,85;r;y;w;f;d;a
p;7,19;x;s;n;t;s;d;w;6,56;17,82;r;i;w;f;d;a
p;6,29;x;s;n;t;s;d;r;6,34;14,48;r;y;n;f;d;u
p;5,38;x;s;g;t;s;d;r;4,73;14,54;r;y;w;f;d;a
p;7,95;x;s;r;t;s;d;w;5,55;16,61;r;i;n;f;d;u
p;7,93;x;s;r;t;s;d;r;4,98;14,02;r;y;n;f;d;a
p;7,63;x;s;n;t;s;d;r;5,39;15,48;r;i;n;f;d;a
p;7,3;x;s;r;t;s;d;w;5,55;15,16;r;i;n;f;d;a
p;6,69;x;s;r;t;s;d;w;4,81;13,9;r;i;n;f;d;u
p;6,62;x;s;n;t;s;d;w;5,85;13,82;r;i;w;f;d;a
p;6,64;x;s;n;t;s;d;r;5,75;15,68;r;i;n;f;d;a
p;8,13;x;s;n;t;s;d;r;5,35;14,38;r;i;n;f;d;a
p;4,58;x;s;g;t;s;d;w;5,41;15,33;r;y;n;f;d;a
p;6,95;x;s;n;t;s;d;w;6,16;16,42;r;y;n;f;d;u
p;8,21;x;s;n;t;s;d;r;6,16;15,61;r;y;n;f;d;a
p;6,6;x;s;g;t;s;d;r;4,23;16,71;r;i;n;f;d;a
p;5,9;x;s;r;t;s;d;w;6,92;15,56;r;y;n;f;d;a
p;5,41;x;s;n;t;s;d;r;5,04;14,86;r;i;w;f;d;a
p;8,49;x;s;n;t;s;d;w;5,33;15,09;r;y;n;f;d;a
p;6,25;x;s;r;t;s;d;w;2,99;9,48;r;y;w;f;d;a
p;8,14;x;s;g;t;s;d;r;6,03;17,2;r;y;w;f;d;u
p;7,75;x;s;g;t;s;d;w;4,11;14,44;r;y;n;f;d;u
p;7,14;x;s;n;t;s;d;w;5,46;15,48;r;y;n;f;d;u
p;8,16;x;s;n;t;s;d;r;5,84;16,33;r;i;n;f;d;a
p;7,31;x;s;n;t;s;d;r;6,71;16,43;r;i;w;f;d;a
p;6,54;x;s;g;t;s;d;w;5,84;16,71;r;i;w;f;d;a
p;5,14;x;s;g;t;s;d;r;5,43;13,37;r;y;n;f;d;u
p;7,31;x;s;r;t;s;d;r;6,35;16,31;r;y;n;f;d;u
p;9,91;x;s;n;t;s;d;w;6,71;17,09;r;y;w;f;d;a
p;6,91;x;s;g;t;s;d;r;6,71;17,14;r;y;w;f;d;a
p;5,96;x;s;g;t;s;d;w;4,88;13,19;r;i;w;f;d;u
p;5,29;x;s;g;t;s;d;w;4,11;12,92;r;i;w;f;d;u
p;6,69;x;s;n;t;s;d;r;6,67;14,71;r;y;w;f;d;a
p;8,09;x;s;r;t;s;d;w;6,31;15,29;r;i;n;f;d;u
p;6,35;x;s;g;t;s;d;w;5,22;14,68;r;i;n;f;d;a
p;8,48;x;s;r;t;s;d;w;5,65;18,7;r;y;w;f;d;a
p;5,59;x;s;n;t;s;d;w;6,06;15,2;r;i;n;f;d;a
p;5,92;x;s;r;t;s;d;w;5,2;16,09;r;i;n;f;d;a
p;5,34;x;s;r;t;s;d;w;5,8;14,22;r;y;n;f;d;a
p;8,21;x;s;g;t;s;d;w;5,9;14,55;r;i;n;f;d;u
p;6,38;x;s;g;t;s;d;w;7,82;16,94;r;y;n;f;d;a
p;5,96;x;s;r;t;s;d;r;6,66;16,13;r;i;w;f;d;a
p;6,09;x;s;g;t;s;d;r;4,96;14,24;r;i;n;f;d;a
p;4,55;x;s;n;t;s;d;w;5,7;14,1;r;i;n;f;d;a
p;5,88;x;s;r;t;s;d;r;5,68;13,81;r;i;w;f;d;u
p;6,87;x;s;g;t;s;d;r;5,53;15,7;r;y;n;f;d;u
p;5;x;s;g;t;s;d;r;5,32;14,25;r;i;n;f;d;a
p;6,07;x;s;n;t;s;d;r;4,91;15,35;r;y;n;f;d;u
p;4,44;x;s;r;t;s;d;r;5,54;15,63;r;i;w;f;d;a
p;5,98;x;s;g;t;s;d;w;5,61;15,93;r;y;n;f;d;u
p;5,11;x;s;r;t;s;d;w;4,35;12,79;r;i;w;f;d;a
p;4,96;x;s;n;t;s;d;w;5,19;14,81;r;y;w;f;d;a
p;6,04;x;s;r;t;s;d;r;4,5;13,11;r;y;n;f;d;u
p;7,77;x;s;r;t;s;d;r;6,9;16,65;r;y;w;f;d;u
p;5,76;x;s;g;t;s;d;w;5,78;17,68;r;y;w;f;d;a
p;7,74;x;s;g;t;s;d;r;6,82;16,84;r;i;n;f;d;u
p;5,49;x;s;g;t;s;d;r;5,86;13,85;r;i;w;f;d;a
p;8,58;x;s;n;t;s;d;r;5,94;17,13;r;i;n;f;d;a
p;7,12;x;s;r;t;s;d;r;6,36;14,93;r;y;n;f;d;u
p;5,6;x;s;r;t;s;d;w;4,84;15,77;r;y;n;f;d;a
p;6,66;x;s;n;t;s;d;r;5,62;14,03;r;i;w;f;d;u
p;7,02;x;s;r;t;s;d;r;6,55;17,76;r;y;n;f;d;u
p;5,55;x;s;n;t;s;d;w;6,38;15,59;r;y;w;f;d;u
p;6,45;x;s;n;t;s;d;r;4,66;14,14;r;i;w;f;d;u
p;6,23;x;s;n;t;s;d;r;5,33;15,48;r;i;n;f;d;u
p;3,76;x;s;g;t;s;d;r;4,38;11,95;r;i;n;f;d;u
p;8,81;x;s;r;t;s;d;w;6,68;16,87;r;i;n;f;d;u
p;5,07;x;s;r;t;s;d;w;3,95;12,44;r;y;n;f;d;u
p;6,47;x;s;r;t;s;d;w;5,98;16,74;r;y;n;f;d;a
p;6,31;x;s;n;t;s;d;r;7,36;16,23;r;y;n;f;d;u
p;4,64;x;s;r;t;s;d;r;2,99;10,16;r;y;n;f;d;u
p;6,13;x;s;g;t;s;d;w;5,22;15,33;r;y;w;f;d;u
p;7,24;x;s;n;t;s;d;r;6,43;16,5;r;y;w;f;d;u
p;5,23;x;s;n;t;s;d;w;3,61;12,16;r;i;w;f;d;a
p;6,2;x;s;n;t;s;d;r;5,08;14,25;r;y;n;f;d;u
p;2,3;x;s;n;t;s;d;r;3,86;10,99;r;i;w;f;d;a
p;5,5;x;s;r;t;s;d;r;4,34;13,73;r;y;n;f;d;a
p;5,82;x;s;g;t;s;d;r;5,25;14,71;r;i;n;f;d;a
p;4,81;x;s;r;t;s;d;r;4,87;13,86;r;y;n;f;d;a
p;6,39;x;s;n;t;s;d;w;4,86;13,4;r;i;w;f;d;u
p;6,66;x;s;r;t;s;d;w;5,93;14,82;r;y;n;f;d;a
p;6,13;x;s;n;t;s;d;r;6,1;13,12;r;i;w;f;d;u
p;6,97;x;s;r;t;s;d;r;5,26;13,74;r;y;w;f;d;a
p;5,5;x;s;r;t;s;d;r;4,94;11,14;r;y;w;f;d;u
p;8,2;x;s;r;t;s;d;w;7;16,58;r;y;w;f;d;u
p;5,52;x;s;n;t;s;d;r;4,97;13,97;r;i;n;f;d;a
p;5,45;x;s;r;t;s;d;w;5,18;15,83;r;y;n;f;d;a
p;5,17;x;s;r;t;s;d;w;4,67;13,69;r;y;n;f;d;a
p;5,04;x;s;g;t;s;d;r;5,28;14,04;r;y;n;f;d;u
p;6,76;x;s;n;t;s;d;r;5,23;13,64;r;i;n;f;d;u
p;6,47;x;s;n;t;s;d;r;4,63;14,49;r;y;w;f;d;u
p;6,81;x;s;g;t;s;d;r;5,92;14,55;r;y;w;f;d;a
p;7,18;x;s;n;t;s;d;w;6,36;15,79;r;i;w;f;d;u
p;5,7;x;s;g;t;s;d;w;4,87;14,44;r;i;n;f;d;a
p;8,23;x;s;n;t;s;d;w;5,62;15,65;r;i;n;f;d;a
p;5,3;x;s;n;t;s;d;w;4,44;12,47;r;y;w;f;d;a
p;5,94;x;s;r;t;s;d;w;5,66;14,43;r;y;w;f;d;a
p;4,39;x;s;g;t;s;d;w;4,09;11,42;r;y;n;f;d;a
p;7,35;x;s;g;t;s;d;w;5,91;16,73;r;i;w;f;d;a
p;6,06;x;s;g;t;s;d;r;4,53;15,1;r;y;n;f;d;u
p;4,31;x;s;g;t;s;d;w;4,86;12,96;r;y;n;f;d;a
p;7,15;x;s;r;t;s;d;r;5,36;15,18;r;i;w;f;d;a
p;8,81;x;s;g;t;s;d;w;6,68;16,66;r;y;n;f;d;u
p;5,85;x;s;r;t;s;d;w;5,68;16,28;r;i;n;f;d;a
p;7,95;x;s;r;t;s;d;r;6,33;13,84;r;i;w;f;d;u
p;5,09;x;s;n;t;s;d;w;3,63;13,72;r;y;w;f;d;a
p;6,64;x;s;g;t;s;d;r;5,63;13,06;r;i;n;f;d;u
p;6,26;x;s;r;t;s;d;w;4,9;15,77;r;i;n;f;d;u
p;7,22;x;s;g;t;s;d;r;5,93;15,03;r;i;w;f;d;a
p;6,82;x;s;g;t;s;d;w;7,41;15,79;r;i;w;f;d;u
p;5,52;x;s;g;t;s;d;w;6,67;15,53;r;i;n;f;d;a
p;5,88;x;s;n;t;s;d;r;6,78;15,61;r;i;w;f;d;u
p;6,5;x;s;n;t;s;d;r;6,47;14,28;r;y;n;f;d;u
p;5,33;x;s;g;t;s;d;w;4,64;12,86;r;y;w;f;d;u
p;4,98;x;s;r;t;s;d;w;5,46;14,73;r;i;w;f;d;u
p;7,33;x;s;g;t;s;d;w;6,6;15,62;r;y;w;f;d;u
p;7,35;x;s;n;t;s;d;r;6,21;14,93;r;y;n;f;d;a
p;5,77;x;s;r;t;s;d;r;5,33;15,81;r;y;n;f;d;a
p;5,36;x;s;r;t;s;d;w;5,3;14,11;r;i;w;f;d;u
p;4,43;x;s;g;t;s;d;w;3,96;9,99;r;y;n;f;d;a
p;7,05;x;s;n;t;s;d;w;4,53;13,65;r;y;w;f;d;a
p;6,36;x;s;n;t;s;d;r;6,17;17,32;r;i;w;f;d;u
p;5,93;x;s;n;t;s;d;r;5,95;15,18;r;y;w;f;d;u
p;7,42;x;s;g;t;s;d;r;5,23;13,15;r;i;n;f;d;u
p;8,48;x;s;r;t;s;d;w;6,39;16,53;r;y;w;f;d;a
p;6,83;x;s;r;t;s;d;r;8,13;19,13;r;y;n;f;d;u
p;7,68;x;s;r;t;s;d;w;6,5;14,73;r;i;n;f;d;u
p;3,72;x;s;g;t;s;d;w;4,21;11,91;r;y;w;f;d;a
p;5,65;x;s;g;t;s;d;r;3,99;11,26;r;y;w;f;d;a
p;5,55;x;s;g;t;s;d;r;4,93;10,98;r;y;n;f;d;a
p;8,34;x;s;g;t;s;d;w;5,62;13,64;r;y;w;f;d;a
p;6,23;x;s;n;t;s;d;w;5,71;14,15;r;i;n;f;d;u
p;7,21;x;s;g;t;s;d;w;7,05;16,82;r;i;w;f;d;u
p;8,14;x;s;n;t;s;d;w;7,17;17,42;r;i;n;f;d;a
p;6,52;x;s;r;t;s;d;r;5,18;13,75;r;i;w;f;d;u
p;7,5;x;s;g;t;s;d;r;6,12;15,29;r;i;w;f;d;a
p;7,17;x;s;r;t;s;d;w;6,99;16,1;r;i;n;f;d;u
p;5,84;x;s;n;t;s;d;w;4,98;14,29;r;y;w;f;d;a
p;7,5;x;s;n;t;s;d;r;6,91;15,75;r;y;w;f;d;a
p;6,11;x;s;g;t;s;d;r;6,75;15,04;r;i;w;f;d;u
p;6,04;x;s;n;t;s;d;w;6,06;13,5;r;y;w;f;d;a
p;4,66;x;s;g;t;s;d;w;4,39;13,87;r;i;n;f;d;a
p;6,9;x;s;n;t;s;d;w;4,74;13,82;r;y;n;f;d;a
p;7,91;x;s;n;t;s;d;r;4,86;14,37;r;i;w;f;d;a
p;7,25;x;s;g;t;s;d;r;6,84;16,61;r;i;n;f;d;a
p;8,42;x;s;n;t;s;d;w;7,16;17,21;r;y;w;f;d;a
p;6,32;x;s;g;t;s;d;w;5,06;13,14;r;i;n;f;d;u
p;5,97;x;s;g;t;s;d;w;5,55;13,9;r;i;w;f;d;a
p;6,32;x;s;r;t;s;d;r;5,05;14,2;r;y;w;f;d;a
p;6,25;x;s;n;t;s;d;r;6,06;15,33;r;y;w;f;d;u
p;5,93;x;s;n;t;s;d;r;4,4;13,49;r;i;w;f;d;a
p;6,57;x;s;n;t;s;d;w;5,22;13,43;r;y;n;f;d;a
p;5,53;x;s;g;t;s;d;w;5,81;14,49;r;y;n;f;d;u
p;6,94;x;s;r;t;s;d;r;5,24;16,81;r;y;w;f;d;u
p;6,36;x;s;g;t;s;d;r;4,26;10,79;r;y;w;f;d;a
p;6,52;x;s;n;t;s;d;r;6,72;15,62;r;y;n;f;d;a
p;5,84;x;s;n;t;s;d;w;5,31;13,99;r;y;w;f;d;u
p;6,87;x;s;n;t;s;d;w;5,3;15,19;r;y;w;f;d;u
p;6,57;x;s;g;t;s;d;w;6,3;14,75;r;i;w;f;d;u
p;7,27;x;s;g;t;s;d;w;6,44;15,59;r;y;n;f;d;u
p;5,45;x;s;r;t;s;d;r;4,66;13,73;r;y;n;f;d;a
p;5,53;x;s;g;t;s;d;w;5,46;16,61;r;i;n;f;d;a
p;5,86;x;s;g;t;s;d;w;4,43;13,04;r;y;w;f;d;a
p;7,71;x;s;r;t;s;d;w;4,37;13,94;r;y;n;f;d;a
p;5,56;x;s;r;t;s;d;w;5,46;14,81;r;i;w;f;d;a
p;6,93;x;s;r;t;s;d;w;5,71;15,55;r;y;n;f;d;a
p;7,64;x;s;n;t;s;d;w;5,39;15,16;r;y;n;f;d;a
p;6,98;x;s;n;t;s;d;w;5,19;16,73;r;i;w;f;d;a
p;4,88;x;s;g;t;s;d;r;4,33;13,34;r;y;n;f;d;u
p;6,72;x;s;r;t;s;d;w;5,77;17,02;r;i;w;f;d;u
p;7,8;x;s;g;t;s;d;r;4,84;13,18;r;i;n;f;d;u
p;6,93;x;s;r;t;s;d;r;4,94;12,64;r;y;n;f;d;u
p;6,29;x;s;r;t;s;d;w;4,19;12,85;r;y;w;f;d;u
p;7,64;x;s;r;t;s;d;w;6,52;16,85;r;i;w;f;d;u
p;6,25;x;s;r;t;s;d;r;6,82;16,29;r;y;w;f;d;a
p;5,44;x;s;n;t;s;d;r;5,56;15,86;r;i;w;f;d;u
p;6,07;x;s;r;t;s;d;w;4,04;12,2;r;y;n;f;d;a
p;6,94;x;s;r;t;s;d;w;5,25;16,02;r;y;n;f;d;u
p;7,34;x;s;n;t;s;d;w;5,19;16,27;r;i;w;f;d;u
p;3,75;x;s;g;t;s;d;w;3,81;12,48;r;y;n;f;d;u
p;5,88;x;s;r;t;s;d;r;6,11;14,4;r;y;w;f;d;u
p;6,77;x;s;r;t;s;d;r;4,75;14,82;r;y;n;f;d;a
p;5,8;x;s;n;t;s;d;r;6,2;16,26;r;y;n;f;d;u
p;6,3;x;s;n;t;s;d;r;6,45;15,75;r;i;w;f;d;u
p;9,03;x;s;n;t;s;d;w;6,34;15,51;r;i;n;f;d;u
p;7,55;x;s;r;t;s;d;w;6,64;14,51;r;i;n;f;d;a
p;4,96;x;s;r;t;s;d;w;4,65;12,7;r;y;w;f;d;u
p;5,92;x;s;n;t;s;d;w;6,07;16,38;r;y;n;f;d;u
p;4,01;x;s;g;t;s;d;r;3,56;14,38;r;i;w;f;d;u
p;7,33;x;s;r;t;s;d;r;4,15;14,22;r;y;n;f;d;a
p;6,31;x;s;r;t;s;d;r;6,39;15,45;r;y;w;f;d;a
p;5,45;x;s;r;t;s;d;r;4,42;13,12;r;i;w;f;d;a
p;8;x;s;n;t;s;d;w;6,03;16,58;r;y;w;f;d;u
p;10,35;x;s;g;t;s;d;w;6,35;17,74;r;i;w;f;d;a
p;7,91;x;s;n;t;s;d;w;5,91;15,14;r;y;w;f;d;a
p;5,87;x;s;g;t;s;d;w;5,94;13,66;r;i;n;f;d;a
p;5,94;x;s;n;t;s;d;w;4,98;15,57;r;y;n;f;d;a
p;8,36;x;s;r;t;s;d;w;6,52;15,9;r;i;n;f;d;u
p;7,56;x;s;n;t;s;d;r;7,88;17,02;r;i;n;f;d;u
p;6,76;x;s;r;t;s;d;r;6,43;16,2;r;i;n;f;d;u
p;6,56;x;s;n;t;s;d;r;5,46;16,41;r;y;w;f;d;a
p;6,08;x;s;g;t;s;d;w;5,53;13,5;r;y;n;f;d;u
p;5,72;x;s;n;t;s;d;r;4,74;13,51;r;i;w;f;d;a
p;5,86;x;s;g;t;s;d;w;5,05;13,16;r;y;n;f;d;u
p;4,78;x;s;r;t;s;d;w;5,57;14,68;r;y;n;f;d;a
p;5,66;x;s;g;t;s;d;r;3,85;13,32;r;y;w;f;d;a
p;6,86;x;s;g;t;s;d;w;6,01;14,97;r;i;w;f;d;a
p;5,9;x;s;n;t;s;d;w;5,29;14,95;r;y;w;f;d;a
p;6,4;x;s;n;t;s;d;r;5,45;13,57;r;y;n;f;d;u
p;6,72;x;s;n;t;s;d;r;5,21;15,63;r;i;w;f;d;a
p;6,02;x;s;g;t;s;d;r;5,46;15,22;r;y;w;f;d;u
p;4,67;x;s;n;t;s;d;w;3,49;11,82;r;y;n;f;d;a
p;5,09;x;s;r;t;s;d;w;5,11;13,44;r;y;w;f;d;u
p;5,94;x;s;g;t;s;d;r;4,24;14,13;r;i;w;f;d;u
p;6,84;x;s;n;t;s;d;r;4,77;12,67;r;i;n;f;d;a
p;7,97;x;s;r;t;s;d;r;4,79;15,29;r;y;w;f;d;a
p;6,25;x;s;n;t;s;d;w;5,15;15,23;r;y;w;f;d;a
p;6,49;x;s;r;t;s;d;w;6,75;18,25;r;i;n;f;d;a
p;7,25;x;s;r;t;s;d;w;5,76;14,42;r;i;w;f;d;a
p;3,3;x;s;n;t;s;d;r;5,26;13,95;r;y;n;f;d;u
p;6,25;x;s;n;t;s;d;r;5,06;11,86;r;i;n;f;d;u
p;7,31;x;s;r;t;s;d;w;6,36;14,66;r;i;n;f;d;u
p;5,18;x;s;r;t;s;d;w;5,49;13,52;r;i;w;f;d;u
p;8,89;x;s;g;t;s;d;w;6,14;15,72;r;i;n;f;d;u
p;5,2;x;s;r;t;s;d;r;5,71;17,52;r;i;w;f;d;u
p;5,56;x;s;n;t;s;d;r;5,03;13,67;r;i;w;f;d;a
p;3,95;x;s;g;t;s;d;w;4,48;13,7;r;i;w;f;d;u
p;8,58;x;s;n;t;s;d;r;6,06;15,85;r;y;n;f;d;a
p;7,98;x;s;n;t;s;d;r;6,11;16,54;r;y;n;f;d;u
p;6,69;x;s;g;t;s;d;r;5,49;16,61;r;i;n;f;d;u
p;4,02;x;s;r;t;s;d;w;4,22;11,73;r;i;w;f;d;a
p;7,16;x;s;r;t;s;d;w;5,78;15,37;r;i;n;f;d;a
p;6,41;x;s;n;t;s;d;w;4,7;14,18;r;i;n;f;d;a
p;5,12;x;s;g;t;s;d;w;4,81;13,88;r;y;w;f;d;a
p;5,7;x;s;n;t;s;d;r;5,1;13,56;r;y;n;f;d;u
p;6,42;x;s;n;t;s;d;r;4,09;14,58;r;y;w;f;d;u
p;4,85;x;s;n;t;s;d;r;4,47;12,55;r;i;w;f;d;a
p;6,96;x;s;n;t;s;d;r;5,42;15,62;r;y;n;f;d;a
p;5,77;x;s;n;t;s;d;r;4,24;11,96;r;i;w;f;d;a
p;6,19;x;s;r;t;s;d;w;5,11;14,59;r;y;n;f;d;u
p;6,61;x;s;r;t;s;d;w;4,89;15,09;r;i;w;f;d;a
p;5,32;x;s;n;t;s;d;r;5,45;12,78;r;i;w;f;d;u
p;6,81;x;s;n;t;s;d;r;5,57;15,04;r;y;n;f;d;u
p;8,06;x;s;n;t;s;d;r;5,58;16,71;r;y;n;f;d;u
p;7,34;x;s;n;t;s;d;w;5,63;14,59;r;i;w;f;d;a
p;6,52;x;s;n;t;s;d;w;6,55;16,62;r;i;n;f;d;a
p;6,51;x;s;g;t;s;d;r;4,99;14,85;r;i;w;f;d;u
p;7,25;x;s;n;t;s;d;w;5,1;14,4;r;y;n;f;d;u
p;9,03;x;s;r;t;s;d;w;6,03;15,83;r;i;n;f;d;u
p;7,3;x;s;r;t;s;d;r;5,51;14,41;r;y;n;f;d;u
p;7,53;x;s;g;t;s;d;w;5,2;15,15;r;i;w;f;d;u
p;6,78;x;s;n;t;s;d;r;6,43;16,3;r;y;w;f;d;u
p;5,74;x;s;r;t;s;d;r;5,58;14,47;r;i;n;f;d;u
p;5,42;x;s;g;t;s;d;r;4,6;12,72;r;i;n;f;d;u
p;4,81;x;s;r;t;s;d;w;5,37;12,81;r;y;w;f;d;u
p;7,88;x;s;r;t;s;d;r;5,68;15,54;r;i;n;f;d;u
p;7,68;x;s;r;t;s;d;w;5,14;14,88;r;y;n;f;d;a
p;5,59;x;s;r;t;s;d;w;4,41;13,76;r;y;n;f;d;a
p;9,63;x;s;r;t;s;d;r;7,13;18,53;r;y;n;f;d;u
p;6,59;x;s;n;t;s;d;w;5,16;15,05;r;i;n;f;d;u
p;7,88;x;s;r;t;s;d;w;6,19;18,4;r;y;n;f;d;u
p;6,99;x;s;r;t;s;d;w;4,86;14,16;r;y;n;f;d;u
p;6,68;x;s;n;t;s;d;r;6,19;13,65;r;i;w;f;d;a
p;6,64;x;s;r;t;s;d;w;5,87;16;r;y;n;f;d;u
p;5,53;x;s;n;t;s;d;w;3,61;12,87;r;i;n;f;d;u
p;6,44;x;s;r;t;s;d;w;5,58;15,29;r;y;w;f;d;a
p;6,53;x;s;g;t;s;d;w;5,58;14,82;r;i;n;f;d;a
p;5,17;x;s;r;t;s;d;w;4,43;12,81;r;y;n;f;d;u
p;6,12;x;s;n;t;s;d;w;6,48;16,5;r;i;w;f;d;u
p;6,25;x;s;r;t;s;d;r;6,74;17,59;r;i;n;f;d;a
p;8,02;x;s;n;t;s;d;r;5,16;13,82;r;y;w;f;d;u
p;6,26;x;s;g;t;s;d;w;5,2;13,67;r;i;n;f;d;a
p;6,21;x;s;n;t;s;d;r;4,15;12,74;r;y;n;f;d;u
p;7,92;x;s;n;t;s;d;w;5,61;16,53;r;y;w;f;d;a
p;4,96;x;s;g;t;s;d;w;4,86;16,12;r;y;w;f;d;a
p;6,87;x;s;g;t;s;d;w;5,08;14,1;r;y;n;f;d;a
p;7,56;x;s;g;t;s;d;w;5,34;15,23;r;i;w;f;d;a
p;5,03;x;s;n;t;s;d;r;5,79;15,44;r;i;w;f;d;a
p;6,35;x;s;n;t;s;d;r;5,19;14,58;r;y;w;f;d;u
p;5,69;x;s;g;t;s;d;r;6,06;15,34;r;y;w;f;d;u
p;6,98;x;s;r;t;s;d;w;5,23;15,28;r;i;w;f;d;u
p;5,66;x;s;r;t;s;d;w;4,75;12,53;r;y;w;f;d;u
p;5,75;x;s;n;t;s;d;w;6,13;14,93;r;y;w;f;d;a
p;8,65;x;s;n;t;s;d;r;6,87;18,77;r;i;w;f;d;a
p;6,52;x;s;r;t;s;d;r;4,81;16,11;r;i;n;f;d;a
p;8,13;x;s;r;t;s;d;r;4,91;16,07;r;y;w;f;d;a
p;6,21;x;s;g;t;s;d;r;5,91;14,52;r;y;n;f;d;u
p;8,9;x;s;r;t;s;d;w;6,11;16,9;r;y;n;f;d;u
p;3,74;x;s;g;t;s;d;w;3,56;13,21;r;y;n;f;d;a
p;5,13;x;s;n;t;s;d;r;5,49;15,65;r;i;n;f;d;u
p;8,4;x;s;r;t;s;d;r;5,53;15,15;r;y;w;f;d;a
p;5,47;x;s;g;t;s;d;w;5,31;13,22;r;i;w;f;d;a
p;6,33;x;s;n;t;s;d;w;5,64;14,24;r;i;w;f;d;a
p;9,37;x;s;r;t;s;d;w;6,58;17,06;r;i;w;f;d;u
p;6,76;x;s;g;t;s;d;r;6,07;16,88;r;y;w;f;d;a
p;4,72;x;s;g;t;s;d;r;4,23;14,11;r;y;n;f;d;u
p;3,67;x;s;r;t;s;d;w;4,61;14,55;r;i;w;f;d;a
p;5,57;x;s;r;t;s;d;w;5,09;12,27;r;i;n;f;d;a
p;6,46;x;s;g;t;s;d;r;3,95;14,93;r;y;n;f;d;a
p;6,68;x;s;r;t;s;d;r;5,88;15,46;r;y;w;f;d;u
p;5,82;x;s;r;t;s;d;r;6,2;14,12;r;i;n;f;d;u
p;6,91;x;s;n;t;s;d;w;6,15;16,19;r;i;w;f;d;a
p;8,13;x;s;r;t;s;d;w;6,05;16,98;r;i;n;f;d;u
p;6,75;x;s;n;t;s;d;r;5,46;13,67;r;i;w;f;d;u
p;5,58;x;s;g;t;s;d;w;6,23;15,95;r;y;n;f;d;u
p;6,18;x;s;r;t;s;d;w;3,97;13,32;r;y;w;f;d;a
p;5,77;x;s;r;t;s;d;r;4,98;13,31;r;i;w;f;d;a
p;5,77;x;s;n;t;s;d;r;5,53;14,8;r;y;n;f;d;a
p;6,91;x;s;n;t;s;d;w;7,09;17,21;r;y;w;f;d;u
p;6,35;x;s;g;t;s;d;w;5,14;15,09;r;i;w;f;d;u
p;7,08;x;s;g;t;s;d;r;6,36;15,21;r;y;n;f;d;a
p;6,95;x;s;r;t;s;d;r;6,41;15,4;r;y;w;f;d;a
p;7,29;x;s;g;t;s;d;r;5,34;14,31;r;i;w;f;d;a
p;7,25;x;s;n;t;s;d;r;5,6;16,15;r;y;w;f;d;u
p;9,16;x;s;r;t;s;d;w;6,28;15,73;r;y;n;f;d;a
p;5,92;x;s;n;t;s;d;w;4,08;12,2;r;i;n;f;d;u
p;7;x;s;g;t;s;d;w;6,11;14,24;r;y;n;f;d;a
p;6,5;x;s;g;t;s;d;w;5,28;14,51;r;i;w;f;d;u
p;8,39;x;s;r;t;s;d;r;5,5;14,44;r;i;n;f;d;u
p;8,04;x;s;r;t;s;d;r;4,76;15,04;r;i;w;f;d;a
p;5,46;x;s;g;t;s;d;r;5,24;13,82;r;y;w;f;d;u
p;8,52;x;s;n;t;s;d;r;5,41;15,42;r;i;w;f;d;u
p;6,1;x;s;n;t;s;d;w;6,16;14,58;r;i;w;f;d;a
p;4,44;x;s;r;t;s;d;w;4,69;10,6;r;y;n;f;d;u
p;7,73;x;s;g;t;s;d;w;6,86;17,62;r;i;n;f;d;u
p;6,12;x;s;g;t;s;d;r;6,41;14,9;r;y;n;f;d;a
p;4,11;x;s;g;t;s;d;r;4,82;13,15;r;i;w;f;d;a
p;4,94;x;s;n;t;s;d;w;4,18;11,56;r;y;w;f;d;a
p;6,61;x;s;n;t;s;d;w;4,78;13,67;r;y;w;f;d;a
p;4,2;x;s;n;t;s;d;w;4,85;13,09;r;i;n;f;d;u
p;7,23;x;s;n;t;s;d;w;5,65;16,19;r;y;w;f;d;u
p;4,34;x;s;r;t;s;d;r;4,86;15,95;r;i;n;f;d;u
p;7,2;x;s;g;t;s;d;r;5,55;15,22;r;y;n;f;d;a
p;7,1;x;s;r;t;s;d;w;6,89;15,94;r;i;n;f;d;a
p;6,31;x;s;r;t;s;d;r;4,39;14,76;r;y;n;f;d;a
p;6,86;x;s;n;t;s;d;w;7,07;15,35;r;y;w;f;d;a
p;6,73;x;s;g;t;s;d;r;5,09;13,01;r;i;n;f;d;u
p;6,83;x;s;g;t;s;d;r;5,67;16,79;r;y;w;f;d;a
p;6,43;x;s;g;t;s;d;w;4,9;15,06;r;y;n;f;d;u
p;5,53;x;s;n;t;s;d;w;4,48;12,48;r;i;n;f;d;a
p;6,38;x;s;g;t;s;d;r;6,07;15,77;r;i;n;f;d;a
e;6,81;f;s;n;f;s;c;w;6,43;9,81;b;i;n;f;d;a
e;7,3;f;s;n;f;s;c;w;6,34;9,95;b;i;w;f;l;u
e;5,89;f;s;n;f;s;c;w;6,13;10,48;b;i;n;f;l;a
e;8,67;f;s;n;f;s;c;w;5,88;9,9;b;i;w;f;l;u
e;7,41;f;s;n;f;s;c;w;6,21;9,53;b;i;w;f;m;a
e;7,76;f;s;n;f;s;c;w;5,99;10,07;b;i;n;f;g;a
e;6,69;f;s;n;f;s;c;w;6;10,26;b;i;w;f;g;a
e;7,82;f;s;n;f;s;c;w;6,77;10,71;b;i;w;f;d;a
e;6,34;f;s;n;f;s;c;w;4,82;8,42;b;i;w;f;g;u
e;5,68;f;s;n;f;s;c;w;5,94;10,17;b;i;w;f;d;u
e;8,23;f;s;n;f;s;c;w;6,26;10,99;b;i;n;f;g;a
e;5,94;f;s;n;f;s;c;w;6,37;9,54;b;i;w;f;d;u
e;5,4;f;s;n;f;s;c;w;5,27;8,09;b;i;n;f;g;a
e;7,21;f;s;n;f;s;c;w;6,64;10,22;b;i;w;f;d;a
e;7,17;f;s;n;f;s;c;w;5,57;9,93;b;i;n;f;d;u
e;8,52;f;s;n;f;s;c;w;6,58;10,48;b;i;n;f;d;u
e;7,78;f;s;n;f;s;c;w;7,12;11,4;b;i;w;f;g;a
e;7,79;f;s;n;f;s;c;w;6,63;9,34;b;i;n;f;l;u
e;5,16;f;s;n;f;s;c;w;4,97;8,84;b;i;n;f;l;u
e;7,63;f;s;n;f;s;c;w;5,75;9,27;b;i;w;f;d;a
e;7,08;f;s;n;f;s;c;w;5,71;8,98;b;i;w;f;m;u
e;6,51;f;s;n;f;s;c;w;5,43;8,52;b;i;w;f;d;a
e;6,21;f;s;n;f;s;c;w;6,71;10,39;b;i;n;f;l;u
e;5,71;f;s;n;f;s;c;w;6,03;8,98;b;i;w;f;l;a
e;7,43;f;s;n;f;s;c;w;6,32;10,27;b;i;n;f;g;u
e;5,2;f;s;n;f;s;c;w;4,77;8,58;b;i;n;f;d;u
e;6,41;f;s;n;f;s;c;w;5,77;9,34;b;i;w;f;d;a
e;7,06;f;s;n;f;s;c;w;5,16;8,83;b;i;n;f;m;a
e;5,91;f;s;n;f;s;c;w;6,37;9,73;b;i;n;f;l;u
e;7,44;f;s;n;f;s;c;w;6,33;11,23;b;i;n;f;l;a
e;6,9;f;s;n;f;s;c;w;5,65;9,58;b;i;n;f;g;u
e;7,28;f;s;n;f;s;c;w;5,68;9,43;b;i;n;f;d;a
e;6,81;f;s;n;f;s;c;w;5,57;10,87;b;i;w;f;l;a
e;7,19;f;s;n;f;s;c;w;6,12;10,16;b;i;w;f;d;a
e;9,7;f;s;n;f;s;c;w;6,63;10,37;b;i;n;f;g;a
e;6,61;f;s;n;f;s;c;w;5,91;9,75;b;i;n;f;m;a
e;5,11;f;s;n;f;s;c;w;6,35;10,49;b;i;w;f;g;u
e;6,01;f;s;n;f;s;c;w;6,17;11,4;b;i;n;f;l;a
e;7,12;f;s;n;f;s;c;w;6,12;11,36;b;i;n;f;g;a
e;7,9;f;s;n;f;s;c;w;6,2;11,11;b;i;w;f;g;a
e;5,48;f;s;n;f;s;c;w;6,13;8,98;b;i;w;f;g;u
e;7,77;f;s;n;f;s;c;w;6,96;10,03;b;i;w;f;d;u
e;6,93;f;s;n;f;s;c;w;6,95;10,2;b;i;n;f;g;u
e;6,13;f;s;n;f;s;c;w;5,91;10,67;b;i;w;f;m;a
e;7,77;f;s;n;f;s;c;w;6,79;9,85;b;i;n;f;g;u
e;5,34;f;s;n;f;s;c;w;5,38;9,18;b;i;w;f;m;a
e;7,42;f;s;n;f;s;c;w;5,05;9,49;b;i;n;f;l;u
e;6,64;f;s;n;f;s;c;w;5,69;9,44;b;i;n;f;l;u
e;6,27;f;s;n;f;s;c;w;5,47;8,57;b;i;n;f;d;u
e;5,23;f;s;n;f;s;c;w;4,86;8,82;b;i;n;f;g;a
e;8,86;f;s;n;f;s;c;w;6,99;11,01;b;i;n;f;m;a
e;6,2;f;s;n;f;s;c;w;5,55;8,92;b;i;n;f;g;u
e;7,57;f;s;n;f;s;c;w;5,45;9,66;b;i;n;f;l;u
e;7,2;f;s;n;f;s;c;w;5,02;8,32;b;i;n;f;g;a
e;6,97;f;s;n;f;s;c;w;6,3;10,72;b;i;w;f;d;a
e;7,2;f;s;n;f;s;c;w;6,33;10,7;b;i;n;f;d;u
e;8,33;f;s;n;f;s;c;w;7;10,13;b;i;w;f;d;u
e;7,11;f;s;n;f;s;c;w;5,29;9,09;b;i;w;f;l;u
e;6,99;f;s;n;f;s;c;w;5,44;9,43;b;i;n;f;m;u
e;6,93;f;s;n;f;s;c;w;7,19;10,21;b;i;n;f;m;u
e;6,88;f;s;n;f;s;c;w;6,07;10,21;b;i;w;f;d;a
e;7,46;f;s;n;f;s;c;w;6,2;10,95;b;i;n;f;l;a
e;6,73;f;s;n;f;s;c;w;5,36;10,37;b;i;w;f;l;a
e;7,48;f;s;n;f;s;c;w;6,07;10,48;b;i;n;f;m;u
e;7,96;f;s;n;f;s;c;w;6,13;9,45;b;i;w;f;g;a
e;6,01;f;s;n;f;s;c;w;6,04;10,19;b;i;w;f;m;u
e;6,6;f;s;n;f;s;c;w;6,56;11,13;b;i;n;f;l;u
e;4,85;f;s;n;f;s;c;w;4,99;9,83;b;i;w;f;m;u
e;5,78;f;s;n;f;s;c;w;5,69;8,84;b;i;w;f;g;a
e;8,74;f;s;n;f;s;c;w;7,19;11,32;b;i;n;f;d;u
e;7,19;f;s;n;f;s;c;w;6,58;10,2;b;i;w;f;d;a
e;6,51;f;s;n;f;s;c;w;5,27;8,75;b;i;n;f;l;a
e;7,22;f;s;n;f;s;c;w;6,83;11,55;b;i;n;f;d;a
e;6,74;f;s;n;f;s;c;w;5,35;9,23;b;i;w;f;d;u
e;7,8;f;s;n;f;s;c;w;6,58;10,8;b;i;w;f;d;a
e;7,96;f;s;n;f;s;c;w;6,36;9,58;b;i;n;f;g;u
e;7,11;f;s;n;f;s;c;w;5,72;9,05;b;i;n;f;m;u
e;6,62;f;s;n;f;s;c;w;5,65;8,87;b;i;w;f;l;a
e;6,57;f;s;n;f;s;c;w;5,7;8,92;b;i;w;f;g;a
e;8,21;f;s;n;f;s;c;w;6,9;11,73;b;i;n;f;g;a
e;6,84;f;s;n;f;s;c;w;5,42;10,26;b;i;n;f;g;u
e;6,68;f;s;n;f;s;c;w;6,16;11,47;b;i;w;f;l;u
e;7,6;f;s;n;f;s;c;w;6,07;10,48;b;i;n;f;m;u
e;7,66;f;s;n;f;s;c;w;6,7;10,14;b;i;w;f;g;u
e;6,85;f;s;n;f;s;c;w;5,5;8,66;b;i;n;f;l;a
e;4,8;f;s;n;f;s;c;w;5,87;9,38;b;i;w;f;l;a
e;5,73;f;s;n;f;s;c;w;6,15;9,73;b;i;w;f;d;a
e;5,92;f;s;n;f;s;c;w;5,58;9,9;b;i;w;f;m;u
e;5,95;f;s;n;f;s;c;w;5,89;9,52;b;i;n;f;l;a
e;7,26;f;s;n;f;s;c;w;5,58;9,8;b;i;n;f;l;a
e;7,06;f;s;n;f;s;c;w;6,91;10,38;b;i;w;f;m;a
e;6,38;f;s;n;f;s;c;w;6,24;9,29;b;i;n;f;d;u
e;8,47;f;s;n;f;s;c;w;5,26;9,07;b;i;n;f;m;a
e;7,73;f;s;n;f;s;c;w;6,47;11,13;b;i;n;f;m;u
e;6,89;f;s;n;f;s;c;w;5,6;9,68;b;i;w;f;d;a
e;6,3;f;s;n;f;s;c;w;5,2;9,46;b;i;w;f;l;a
e;6,09;f;s;n;f;s;c;w;5,34;9,54;b;i;w;f;d;a
e;6,26;f;s;n;f;s;c;w;4,83;8,89;b;i;w;f;g;a
e;7,9;f;s;n;f;s;c;w;6,25;9,9;b;i;w;f;g;u
e;3,89;f;s;n;f;s;c;w;4,97;9,12;b;i;w;f;m;u
e;8,1;f;s;n;f;s;c;w;7,06;10,87;b;i;n;f;d;u
e;5,7;f;s;n;f;s;c;w;6,01;9,38;b;i;w;f;d;u
e;7,96;f;s;n;f;s;c;w;6,37;10,76;b;i;n;f;m;a
e;6,77;f;s;n;f;s;c;w;5,48;9,49;b;i;n;f;l;a
e;6,29;f;s;n;f;s;c;w;6,09;10,51;b;i;n;f;g;u
e;6,9;f;s;n;f;s;c;w;5,19;8,88;b;i;n;f;l;u
e;6,17;f;s;n;f;s;c;w;5,41;9,17;b;i;w;f;d;u
e;5,46;f;s;n;f;s;c;w;6,49;10,47;b;i;n;f;g;u
e;7,91;f;s;n;f;s;c;w;6,45;10,16;b;i;w;f;g;u
e;7,51;f;s;n;f;s;c;w;6,91;9,8;b;i;w;f;m;a
e;5,34;f;s;n;f;s;c;w;3,7;7,66;b;i;n;f;l;u
e;7,68;f;s;n;f;s;c;w;7,1;10,09;b;i;w;f;l;u
e;5,51;f;s;n;f;s;c;w;5,75;8,33;b;i;n;f;l;a
e;5,59;f;s;n;f;s;c;w;5,9;10,69;b;i;w;f;l;u
e;8,01;f;s;n;f;s;c;w;6,47;10,32;b;i;n;f;g;a
e;7,55;f;s;n;f;s;c;w;5,41;9,1;b;i;n;f;d;a
e;8,09;f;s;n;f;s;c;w;6,68;10,16;b;i;n;f;m;a
e;6,32;f;s;n;f;s;c;w;5,63;9,85;b;i;w;f;l;a
e;6,49;f;s;n;f;s;c;w;5,88;9,36;b;i;w;f;m;u
e;5,43;f;s;n;f;s;c;w;4,52;8,43;b;i;n;f;m;u
e;7,3;f;s;n;f;s;c;w;6,02;9,21;b;i;n;f;d;u
e;6,19;f;s;n;f;s;c;w;6,52;10,16;b;i;w;f;l;u
e;6,82;f;s;n;f;s;c;w;6,87;10,72;b;i;n;f;m;a
e;8,73;f;s;n;f;s;c;w;6,27;9,66;b;i;w;f;g;u
e;7,09;f;s;n;f;s;c;w;5,51;10,34;b;i;w;f;l;a
e;7,51;f;s;n;f;s;c;w;7,18;11,2;b;i;w;f;l;u
e;7,36;f;s;n;f;s;c;w;5,73;10,39;b;i;n;f;m;u
e;6,44;f;s;n;f;s;c;w;6,1;9,52;b;i;n;f;d;a
e;7,06;f;s;n;f;s;c;w;5,55;10,87;b;i;w;f;d;a
e;8,41;f;s;n;f;s;c;w;6,21;11,34;b;i;w;f;d;a
e;7,44;f;s;n;f;s;c;w;5,97;9,41;b;i;n;f;g;a
e;6,16;f;s;n;f;s;c;w;5,69;9,63;b;i;n;f;m;u
e;8,47;f;s;n;f;s;c;w;6,68;10,69;b;i;w;f;d;u
e;5,02;f;s;n;f;s;c;w;4,64;8,7;b;i;w;f;m;a
e;7,13;f;s;n;f;s;c;w;5,87;9,75;b;i;n;f;l;a
e;7,77;f;s;n;f;s;c;w;6,18;10,59;b;i;w;f;g;a
e;8,18;f;s;n;f;s;c;w;6,09;9,75;b;i;n;f;g;a
e;6,89;f;s;n;f;s;c;w;5,71;9,38;b;i;w;f;g;a
e;7,21;f;s;n;f;s;c;w;5,81;9,39;b;i;n;f;g;a
e;8,12;f;s;n;f;s;c;w;7,11;10,97;b;i;n;f;m;a
e;6,79;f;s;n;f;s;c;w;5,92;9,95;b;i;n;f;d;a
e;7,72;f;s;n;f;s;c;w;6,11;9,75;b;i;w;f;m;a
e;6,14;f;s;n;f;s;c;w;6,14;9,86;b;i;n;f;g;u
e;5,35;f;s;n;f;s;c;w;5,19;10,16;b;i;w;f;d;a
e;7,47;f;s;n;f;s;c;w;7,45;10,17;b;i;n;f;d;u
e;9,08;f;s;n;f;s;c;w;7,06;12,62;b;i;w;f;d;a
e;6,64;f;s;n;f;s;c;w;4,92;9,01;b;i;w;f;g;u
e;7,57;f;s;n;f;s;c;w;6,18;9,28;b;i;n;f;l;u
e;7,62;f;s;n;f;s;c;w;6,12;10,3;b;i;w;f;d;a
e;7,66;f;s;n;f;s;c;w;6,32;10,78;b;i;n;f;l;a
e;9,01;f;s;n;f;s;c;w;7,13;11,68;b;i;w;f;l;u
e;8,47;f;s;n;f;s;c;w;6,68;10,98;b;i;w;f;l;u
e;6,91;f;s;n;f;s;c;w;5,82;10,53;b;i;n;f;g;a
e;8,17;f;s;n;f;s;c;w;6,27;10;b;i;n;f;l;a
e;7,92;f;s;n;f;s;c;w;6,44;9,87;b;i;n;f;g;a
e;5,84;f;s;n;f;s;c;w;5,67;9,46;b;i;n;f;d;a
e;7,56;f;s;n;f;s;c;w;5,7;9,83;b;i;n;f;g;u
e;5,81;f;s;n;f;s;c;w;6,21;10,47;b;i;n;f;l;a
e;5,91;f;s;n;f;s;c;w;5,92;8,99;b;i;w;f;d;u
e;5,56;f;s;n;f;s;c;w;5,21;8,96;b;i;w;f;g;a
e;10,34;f;s;n;f;s;c;w;7,22;11,83;b;i;n;f;d;u
e;7,26;f;s;n;f;s;c;w;6,04;10,45;b;i;n;f;l;u
e;6,47;f;s;n;f;s;c;w;6,4;10,24;b;i;w;f;l;a
e;5,81;f;s;n;f;s;c;w;5,9;9,68;b;i;w;f;m;a
e;6,24;f;s;n;f;s;c;w;6,21;9,82;b;i;w;f;l;u
e;6,02;f;s;n;f;s;c;w;6,31;9,63;b;i;n;f;d;u
e;7,45;f;s;n;f;s;c;w;5,73;8,64;b;i;n;f;d;a
e;7,46;f;s;n;f;s;c;w;6,62;9,99;b;i;w;f;m;u
e;5,99;f;s;n;f;s;c;w;5,51;8,94;b;i;w;f;l;u
e;6,82;f;s;n;f;s;c;w;6,35;9,82;b;i;w;f;m;u
e;7,42;f;s;n;f;s;c;w;6,64;10,08;b;i;w;f;g;a
e;7,64;f;s;n;f;s;c;w;6,31;10,46;b;i;w;f;m;a
e;6,87;f;s;n;f;s;c;w;6,04;10,51;b;i;n;f;d;u
e;6,92;f;s;n;f;s;c;w;6,06;11,09;b;i;n;f;l;u
e;4,24;f;s;n;f;s;c;w;4,24;8,12;b;i;w;f;d;u
e;7,78;f;s;n;f;s;c;w;5,54;9,75;b;i;w;f;m;u
e;8,54;f;s;n;f;s;c;w;6,53;10,95;b;i;w;f;d;u
e;6,6;f;s;n;f;s;c;w;4,75;8,94;b;i;n;f;d;a
e;6,83;f;s;n;f;s;c;w;5,67;8,63;b;i;n;f;m;u
e;7,44;f;s;n;f;s;c;w;6,74;10,32;b;i;w;f;m;a
e;7,28;f;s;n;f;s;c;w;6,07;10,11;b;i;w;f;m;u
e;5,97;f;s;n;f;s;c;w;5,35;9,24;b;i;n;f;d;u
e;7,92;f;s;n;f;s;c;w;6,63;12,18;b;i;n;f;d;a
e;8,57;f;s;n;f;s;c;w;6,48;10,81;b;i;n;f;m;a
e;5,58;f;s;n;f;s;c;w;5,4;9,62;b;i;w;f;g;u
e;5,49;f;s;n;f;s;c;w;5,51;9,39;b;i;n;f;g;a
e;7,86;f;s;n;f;s;c;w;5,86;9,52;b;i;w;f;m;u
e;8,74;f;s;n;f;s;c;w;7,57;11,23;b;i;w;f;l;a
e;7,94;f;s;n;f;s;c;w;6,31;10,69;b;i;w;f;l;a
e;7,68;f;s;n;f;s;c;w;6,45;10,72;b;i;w;f;l;a
e;7,28;f;s;n;f;s;c;w;6,61;10,62;b;i;w;f;m;u
e;7,31;f;s;n;f;s;c;w;5,79;9,92;b;i;w;f;d;a
e;5,36;f;s;n;f;s;c;w;5,77;9,89;b;i;w;f;m;a
e;7,74;f;s;n;f;s;c;w;6,56;9,74;b;i;n;f;l;a
e;5,33;f;s;n;f;s;c;w;4,9;8,88;b;i;w;f;m;a
e;8,23;f;s;n;f;s;c;w;7,19;11,56;b;i;w;f;m;a
e;7,57;f;s;n;f;s;c;w;5,34;8,7;b;i;w;f;d;u
e;6,12;f;s;n;f;s;c;w;4,59;8,56;b;i;n;f;g;a
e;6,34;f;s;n;f;s;c;w;5,54;8,77;b;i;n;f;m;u
e;8,31;f;s;n;f;s;c;w;6,33;10,24;b;i;w;f;d;u
e;7,15;f;s;n;f;s;c;w;5,5;10,17;b;i;w;f;m;u
e;7,7;f;s;n;f;s;c;w;5,96;9,72;b;i;n;f;g;u
e;8,03;f;s;n;f;s;c;w;5,92;9,89;b;i;n;f;g;u
e;6,73;f;s;n;f;s;c;w;5,66;9,76;b;i;n;f;d;u
e;6,78;f;s;n;f;s;c;w;7,47;10,76;b;i;n;f;g;a
e;7,19;f;s;n;f;s;c;w;5,45;9,51;b;i;n;f;l;u
e;4,68;f;s;n;f;s;c;w;5,51;9,73;b;i;n;f;l;a
e;7,28;f;s;n;f;s;c;w;6;10,26;b;i;n;f;g;a
e;7,41;f;s;n;f;s;c;w;5,68;9,79;b;i;w;f;m;u
e;6,39;f;s;n;f;s;c;w;5,15;9,88;b;i;w;f;m;u
e;7,66;f;s;n;f;s;c;w;6,07;9,6;b;i;w;f;m;a
e;7,09;f;s;n;f;s;c;w;6,91;10,89;b;i;n;f;l;a
e;5,69;f;s;n;f;s;c;w;6,1;9,45;b;i;n;f;l;a
e;6,81;f;s;n;f;s;c;w;6,43;10,48;b;i;w;f;l;u
e;6,4;f;s;n;f;s;c;w;6,34;11,16;b;i;w;f;g;a
e;7,31;f;s;n;f;s;c;w;5,51;10,77;b;i;w;f;g;a
e;7,48;f;s;n;f;s;c;w;5,9;10,81;b;i;n;f;m;u
e;6,27;f;s;n;f;s;c;w;5,54;9,64;b;i;w;f;d;u
e;7,79;f;s;n;f;s;c;w;6,36;11,26;b;i;n;f;m;u
e;6,2;f;s;n;f;s;c;w;5,55;9,36;b;i;w;f;l;u
e;6,44;f;s;n;f;s;c;w;5,82;9,32;b;i;n;f;m;a
e;6,95;f;s;n;f;s;c;w;5,47;8,52;b;i;n;f;m;a
e;6,77;f;s;n;f;s;c;w;6,15;9,67;b;i;n;f;g;a
e;5,51;f;s;n;f;s;c;w;5,44;9,41;b;i;w;f;d;a
e;6,9;f;s;n;f;s;c;w;6,18;8,56;b;i;n;f;g;u
e;7,64;f;s;n;f;s;c;w;5,62;9,36;b;i;w;f;g;u
e;6,94;f;s;n;f;s;c;w;6,43;10,35;b;i;n;f;g;u
e;5,97;f;s;n;f;s;c;w;5,33;10,27;b;i;w;f;d;a
e;8,33;f;s;n;f;s;c;w;6,87;12,74;b;i;n;f;d;u
e;7,84;f;s;n;f;s;c;w;6,47;10,48;b;i;w;f;m;u
e;6,54;f;s;n;f;s;c;w;5,52;9,7;b;i;n;f;g;u
e;5,2;f;s;n;f;s;c;w;5,66;10,03;b;i;n;f;d;u
e;7,67;f;s;n;f;s;c;w;6,03;9,46;b;i;w;f;d;u
e;7,99;f;s;n;f;s;c;w;6,91;10,27;b;i;n;f;m;u
e;7,05;f;s;n;f;s;c;w;6,51;11,52;b;i;n;f;l;a
e;6,81;f;s;n;f;s;c;w;5,83;10,22;b;i;n;f;l;a
e;8,71;f;s;n;f;s;c;w;6,3;10,74;b;i;n;f;l;a
e;7,15;f;s;n;f;s;c;w;6,62;10,97;b;i;n;f;l;a
e;5,41;f;s;n;f;s;c;w;4,59;9,52;b;i;n;f;g;a
e;5,5;f;s;n;f;s;c;w;6,44;10,14;b;i;w;f;d;u
e;9,02;f;s;n;f;s;c;w;7,78;11,19;b;i;w;f;g;a
e;6,99;f;s;n;f;s;c;w;6,11;10,41;b;i;w;f;m;u
e;10,14;f;s;n;f;s;c;w;6,28;10,34;b;i;w;f;g;a
e;7,33;f;s;n;f;s;c;w;6,67;10,82;b;i;n;f;m;u
e;7,19;f;s;n;f;s;c;w;6,79;10,51;b;i;n;f;l;a
e;5,75;f;s;n;f;s;c;w;6,21;9,32;b;i;w;f;d;a
e;6,69;f;s;n;f;s;c;w;5,24;8,43;b;i;w;f;l;u
e;9,14;f;s;n;f;s;c;w;5,79;9,02;b;i;n;f;m;u
e;7,59;f;s;n;f;s;c;w;5,82;9,23;b;i;w;f;g;a
e;8,3;f;s;n;f;s;c;w;4,74;9,04;b;i;w;f;l;a
e;6,73;f;s;n;f;s;c;w;5,61;9,38;b;i;w;f;l;a
e;7,61;f;s;n;f;s;c;w;5,64;9,57;b;i;n;f;m;u
e;5,87;f;s;n;f;s;c;w;4,98;9,04;b;i;n;f;d;u
e;9,22;f;s;n;f;s;c;w;7,04;10,2;b;i;n;f;l;a
e;6,35;f;s;n;f;s;c;w;5,91;11,16;b;i;w;f;g;u
e;8,56;f;s;n;f;s;c;w;6,91;9,83;b;i;n;f;l;a
e;5,78;f;s;n;f;s;c;w;5,68;9,92;b;i;w;f;g;a
e;7,98;f;s;n;f;s;c;w;6,08;11,35;b;i;n;f;l;a
e;7,52;f;s;n;f;s;c;w;5,8;10,32;b;i;n;f;l;u
e;8,17;f;s;n;f;s;c;w;6,19;10,19;b;i;n;f;m;u
e;6,53;f;s;n;f;s;c;w;6,58;9,12;b;i;n;f;m;a
e;7,26;f;s;n;f;s;c;w;5,91;9,26;b;i;n;f;l;u
e;8,22;f;s;n;f;s;c;w;6,69;10,56;b;i;w;f;l;u
e;6,47;f;s;n;f;s;c;w;5,6;9,1;b;i;n;f;g;u
e;6,03;f;s;n;f;s;c;w;5,32;9,74;b;i;w;f;d;a
e;9,14;f;s;n;f;s;c;w;7,3;12,65;b;i;w;f;g;a
e;5,91;f;s;n;f;s;c;w;5,27;8,35;b;i;n;f;d;a
e;7,04;f;s;n;f;s;c;w;6,29;10,23;b;i;n;f;d;a
e;6,34;f;s;n;f;s;c;w;5,6;9,76;b;i;n;f;m;a
e;8,07;f;s;n;f;s;c;w;6,63;10,18;b;i;w;f;d;u
e;6,57;f;s;n;f;s;c;w;4,87;10,18;b;i;w;f;g;u
e;5,69;f;s;n;f;s;c;w;5,78;9,88;b;i;w;f;d;u
e;7,1;f;s;n;f;s;c;w;6,49;10,59;b;i;n;f;d;u
e;7,34;f;s;n;f;s;c;w;5,73;9,09;b;i;n;f;d;a
e;8,09;f;s;n;f;s;c;w;7,11;11,14;b;i;n;f;g;u
e;6,03;f;s;n;f;s;c;w;5,12;9,34;b;i;w;f;g;u
e;6,65;f;s;n;f;s;c;w;6,89;10,67;b;i;n;f;d;a
e;9,18;f;s;n;f;s;c;w;6,72;11,72;b;i;n;f;d;u
e;7,73;f;s;n;f;s;c;w;6,51;10,31;b;i;w;f;m;u
e;6,69;f;s;n;f;s;c;w;5,66;9,18;b;i;n;f;d;u
e;5,12;f;s;n;f;s;c;w;5,34;9,46;b;i;n;f;d;a
e;6,73;f;s;n;f;s;c;w;5,5;9,57;b;i;n;f;m;u
e;6,08;f;s;n;f;s;c;w;5,32;8,5;b;i;n;f;l;u
e;5,11;f;s;n;f;s;c;w;5,4;8,91;b;i;w;f;l;a
e;7,16;f;s;n;f;s;c;w;7,48;11,95;b;i;w;f;l;a
e;7,71;f;s;n;f;s;c;w;6,3;10,74;b;i;w;f;l;a
e;6,18;f;s;n;f;s;c;w;5,96;9,64;b;i;w;f;d;a
e;7,93;f;s;n;f;s;c;w;6,6;9,51;b;i;w;f;m;u
e;6,42;f;s;n;f;s;c;w;4,81;8,77;b;i;w;f;d;a
e;6,37;f;s;n;f;s;c;w;5,37;9,72;b;i;n;f;l;a
e;8,61;f;s;n;f;s;c;w;7,28;11,48;b;i;w;f;m;a
e;6,62;f;s;n;f;s;c;w;6,28;11,21;b;i;w;f;m;a
e;7,15;f;s;n;f;s;c;w;7,11;11,26;b;i;w;f;g;u
e;8,01;f;s;n;f;s;c;w;5,86;9,41;b;i;w;f;d;a
e;6,36;f;s;n;f;s;c;w;6,27;9,76;b;i;w;f;g;a
e;4,62;f;s;n;f;s;c;w;6,44;10,19;b;i;n;f;l;u
e;6,07;f;s;n;f;s;c;w;6,23;10,21;b;i;w;f;d;a
e;7,53;f;s;n;f;s;c;w;6,14;10,45;b;i;n;f;m;a
e;7,58;f;s;n;f;s;c;w;5,81;10,5;b;i;n;f;d;u
e;6,24;f;s;n;f;s;c;w;4,98;8,9;b;i;n;f;d;u
e;7,23;f;s;n;f;s;c;w;5,35;9,06;b;i;w;f;d;u
e;7,41;f;s;n;f;s;c;w;6,18;9,78;b;i;n;f;d;a
e;5,69;f;s;n;f;s;c;w;5,31;8,94;b;i;w;f;g;a
e;6,72;f;s;n;f;s;c;w;5,27;9,93;b;i;n;f;m;a
e;9,81;f;s;n;f;s;c;w;6,34;10,49;b;i;n;f;m;u
e;7,22;f;s;n;f;s;c;w;6,57;9,99;b;i;w;f;d;u
e;7,63;f;s;n;f;s;c;w;5,74;10,14;b;i;n;f;d;a
e;6,77;f;s;n;f;s;c;w;5,51;9,65;b;i;n;f;l;u
e;8,38;f;s;n;f;s;c;w;6,56;11,06;b;i;w;f;l;u
e;5,96;f;s;n;f;s;c;w;6,32;9,94;b;i;n;f;d;a
e;8,13;f;s;n;f;s;c;w;6,32;11,45;b;i;w;f;g;a
e;6,51;f;s;n;f;s;c;w;5,55;9,97;b;i;w;f;g;u
e;7,35;f;s;n;f;s;c;w;6,46;11,2;b;i;n;f;g;a
e;7,12;f;s;n;f;s;c;w;7,06;11,73;b;i;w;f;m;a
e;6,49;f;s;n;f;s;c;w;6,68;11,03;b;i;w;f;d;u
e;5,46;f;s;n;f;s;c;w;6,29;10,27;b;i;n;f;l;u
e;7,34;f;s;n;f;s;c;w;6,7;10,53;b;i;w;f;l;a
e;7,1;f;s;n;f;s;c;w;6,59;10,99;b;i;n;f;g;u
e;7,56;f;s;n;f;s;c;w;6,62;10,64;b;i;n;f;d;u
e;7,69;f;s;n;f;s;c;w;5,73;9,76;b;i;w;f;g;a
e;6,74;f;s;n;f;s;c;w;6,55;10,63;b;i;n;f;m;u
e;6,74;f;s;n;f;s;c;w;6,21;9,76;b;i;n;f;d;u
e;6,51;f;s;n;f;s;c;w;5,9;10,16;b;i;w;f;g;u
e;7,22;f;s;n;f;s;c;w;6,53;10,91;b;i;n;f;l;a
e;6,44;f;s;n;f;s;c;w;6,52;9,34;b;i;w;f;m;u
e;6,81;f;s;n;f;s;c;w;6,28;10,81;b;i;w;f;d;u
e;7,38;f;s;n;f;s;c;w;5,74;9,5;b;i;w;f;d;u
e;8,63;f;s;n;f;s;c;w;7,22;11,6;b;i;n;f;d;a
e;7,69;f;s;n;f;s;c;w;4,77;8,26;b;i;n;f;d;a
e;8,15;f;s;n;f;s;c;w;5,94;10,87;b;i;w;f;d;a
e;7,72;f;s;n;f;s;c;w;6,18;10,08;b;i;w;f;l;a
e;8,07;f;s;n;f;s;c;w;6,16;11,43;b;i;n;f;l;a
e;6,8;f;s;n;f;s;c;w;5,89;8,52;b;i;n;f;g;a
e;6,53;f;s;n;f;s;c;w;5,42;9,32;b;i;n;f;g;a
e;7,7;f;s;n;f;s;c;w;5,91;9,18;b;i;n;f;d;a
e;8,1;f;s;n;f;s;c;w;6,86;10,89;b;i;n;f;m;a
e;7,14;f;s;n;f;s;c;w;6,18;9,57;b;i;w;f;g;u
e;7,98;f;s;n;f;s;c;w;6,15;10,81;b;i;n;f;g;u
e;5,91;f;s;n;f;s;c;w;5,74;10,12;b;i;w;f;l;a
e;6,29;f;s;n;f;s;c;w;5,66;10,09;b;i;n;f;m;a
e;7,36;f;s;n;f;s;c;w;6,32;10,52;b;i;n;f;l;a
e;6,22;f;s;n;f;s;c;w;5,47;10,33;b;i;w;f;g;u
e;6,96;f;s;n;f;s;c;w;5,56;9,99;b;i;n;f;g;a
e;7,5;f;s;n;f;s;c;w;6,3;10,27;b;i;n;f;d;u
e;6,56;f;s;n;f;s;c;w;5,92;9,22;b;i;w;f;m;u
e;8,96;f;s;n;f;s;c;w;6,68;11,14;b;i;w;f;m;a
e;6,04;f;s;n;f;s;c;w;5,21;9,53;b;i;w;f;m;u
e;6,94;f;s;n;f;s;c;w;5,66;10,18;b;i;w;f;g;u
e;5,65;f;s;n;f;s;c;w;5,17;7,45;b;i;w;f;m;a
e;7,18;f;s;n;f;s;c;w;6,09;10,04;b;i;n;f;l;u
e;5,17;f;s;n;f;s;c;w;5,22;9,04;b;i;w;f;d;u
e;6,43;f;s;n;f;s;c;w;6,21;9,88;b;i;n;f;d;u
e;6,44;f;s;n;f;s;c;w;5,24;9,47;b;i;w;f;g;u
p;3,43;o;s;o;f;f;f;f;0;0;f;f;f;t;d;s
p;3,57;o;s;n;f;f;f;f;0;0;f;f;f;t;d;w
p;3,97;o;s;n;f;f;f;f;0;0;f;f;f;t;d;w
p;4,15;o;s;n;f;f;f;f;0;0;f;f;f;t;d;s
p;3,88;o;s;n;f;f;f;f;0;0;f;f;f;t;d;a
p;3,77;o;s;g;f;f;f;f;0;0;f;f;f;t;d;a
p;4,23;o;s;n;f;f;f;f;0;0;f;f;f;t;d;s
p;3,61;o;s;o;f;f;f;f;0;0;f;f;f;t;d;s
p;3,76;o;s;r;f;f;f;f;0;0;f;f;f;t;d;s
p;4,06;o;s;r;f;f;f;f;0;0;f;f;f;t;d;u
p;4,36;o;s;g;f;f;f;f;0;0;f;f;f;t;d;w
p;5,49;o;s;r;f;f;f;f;0;0;f;f;f;t;d;u
p;5,15;o;s;o;f;f;f;f;0;0;f;f;f;t;d;a
p;4,41;o;s;g;f;f;f;f;0;0;f;f;f;t;d;s
p;4,66;o;s;r;f;f;f;f;0;0;f;f;f;t;d;w
p;4,41;o;s;g;f;f;f;f;0;0;f;f;f;t;d;u
p;3,3;o;s;g;f;f;f;f;0;0;f;f;f;t;d;a
p;3,94;o;s;g;f;f;f;f;0;0;f;f;f;t;d;u
p;2,93;o;s;g;f;f;f;f;0;0;f;f;f;t;d;u
p;4,51;o;s;o;f;f;f;f;0;0;f;f;f;t;d;a
p;3,08;o;s;g;f;f;f;f;0;0;f;f;f;t;d;u
p;3,94;o;s;r;f;f;f;f;0;0;f;f;f;t;d;a
p;2,64;o;s;n;f;f;f;f;0;0;f;f;f;t;d;u
p;4,27;o;s;g;f;f;f;f;0;0;f;f;f;t;d;a
p;4,87;o;s;g;f;f;f;f;0;0;f;f;f;t;d;a
p;3,5;o;s;n;f;f;f;f;0;0;f;f;f;t;d;u
p;3,79;o;s;o;f;f;f;f;0;0;f;f;f;t;d;w
p;4,4;o;s;g;f;f;f;f;0;0;f;f;f;t;d;w
p;3,32;o;s;o;f;f;f;f;0;0;f;f;f;t;d;s
p;4,64;o;s;o;f;f;f;f;0;0;f;f;f;t;d;s
p;3,95;o;s;r;f;f;f;f;0;0;f;f;f;t;d;u
p;3,52;o;s;g;f;f;f;f;0;0;f;f;f;t;d;u
p;4,92;o;s;g;f;f;f;f;0;0;f;f;f;t;d;u
p;3,7;o;s;g;f;f;f;f;0;0;f;f;f;t;d;s
p;3,9;o;s;o;f;f;f;f;0;0;f;f;f;t;d;u
p;3,93;o;s;r;f;f;f;f;0;0;f;f;f;t;d;s
p;4,66;o;s;y;f;f;f;f;0;0;f;f;f;t;d;u
p;3,89;o;s;r;f;f;f;f;0;0;f;f;f;t;d;s
p;3,54;o;s;g;f;f;f;f;0;0;f;f;f;t;d;w
p;3,38;o;s;y;f;f;f;f;0;0;f;f;f;t;d;u
p;2,95;o;s;y;f;f;f;f;0;0;f;f;f;t;d;a
p;2,56;o;s;n;f;f;f;f;0;0;f;f;f;t;d;w
p;3,94;o;s;y;f;f;f;f;0;0;f;f;f;t;d;u
p;4,53;o;s;r;f;f;f;f;0;0;f;f;f;t;d;w
p;3,37;o;s;g;f;f;f;f;0;0;f;f;f;t;d;a
p;3,97;o;s;o;f;f;f;f;0;0;f;f;f;t;d;u
p;4,45;o;s;o;f;f;f;f;0;0;f;f;f;t;d;s
p;3,41;o;s;g;f;f;f;f;0;0;f;f;f;t;d;u
p;4,31;o;s;y;f;f;f;f;0;0;f;f;f;t;d;s
p;3,45;o;s;n;f;f;f;f;0;0;f;f;f;t;d;s
p;3,72;o;s;r;f;f;f;f;0;0;f;f;f;t;d;s
p;3,55;o;s;o;f;f;f;f;0;0;f;f;f;t;d;s
p;2,59;o;s;r;f;f;f;f;0;0;f;f;f;t;d;w
p;4,17;o;s;n;f;f;f;f;0;0;f;f;f;t;d;w
p;2,78;o;s;r;f;f;f;f;0;0;f;f;f;t;d;w
p;3,57;o;s;g;f;f;f;f;0;0;f;f;f;t;d;a
p;4,41;o;s;g;f;f;f;f;0;0;f;f;f;t;d;s
p;3,9;o;s;g;f;f;f;f;0;0;f;f;f;t;d;s
p;4,15;o;s;y;f;f;f;f;0;0;f;f;f;t;d;u
p;4,49;o;s;o;f;f;f;f;0;0;f;f;f;t;d;a
p;4,84;o;s;g;f;f;f;f;0;0;f;f;f;t;d;a
p;4,41;o;s;r;f;f;f;f;0;0;f;f;f;t;d;u
p;3,21;o;s;g;f;f;f;f;0;0;f;f;f;t;d;u
p;3,02;o;s;n;f;f;f;f;0;0;f;f;f;t;d;u
p;4,24;o;s;o;f;f;f;f;0;0;f;f;f;t;d;a
p;4,16;o;s;o;f;f;f;f;0;0;f;f;f;t;d;s
p;3,29;o;s;g;f;f;f;f;0;0;f;f;f;t;d;s
p;2,94;o;s;o;f;f;f;f;0;0;f;f;f;t;d;w
p;4,07;o;s;o;f;f;f;f;0;0;f;f;f;t;d;u
p;3,86;o;s;r;f;f;f;f;0;0;f;f;f;t;d;u
p;3,86;o;s;y;f;f;f;f;0;0;f;f;f;t;d;a
p;4,18;o;s;y;f;f;f;f;0;0;f;f;f;t;d;s
p;4,02;o;s;n;f;f;f;f;0;0;f;f;f;t;d;s
p;3,62;o;s;y;f;f;f;f;0;0;f;f;f;t;d;w
p;3,13;o;s;n;f;f;f;f;0;0;f;f;f;t;d;w
p;3,96;o;s;r;f;f;f;f;0;0;f;f;f;t;d;a
p;4,91;o;s;n;f;f;f;f;0;0;f;f;f;t;d;u
p;3,45;o;s;g;f;f;f;f;0;0;f;f;f;t;d;u
p;2,86;o;s;o;f;f;f;f;0;0;f;f;f;t;d;u
p;4,57;o;s;g;f;f;f;f;0;0;f;f;f;t;d;w
p;3,17;o;s;n;f;f;f;f;0;0;f;f;f;t;d;u
p;3,59;o;s;y;f;f;f;f;0;0;f;f;f;t;d;s
p;5,03;o;s;y;f;f;f;f;0;0;f;f;f;t;d;w
p;4,48;o;s;o;f;f;f;f;0;0;f;f;f;t;d;w
p;4,24;o;s;n;f;f;f;f;0;0;f;f;f;t;d;s
p;5,23;o;s;n;f;f;f;f;0;0;f;f;f;t;d;a
p;3,96;o;s;y;f;f;f;f;0;0;f;f;f;t;d;w
p;4,78;o;s;y;f;f;f;f;0;0;f;f;f;t;d;w
p;3,98;o;s;o;f;f;f;f;0;0;f;f;f;t;d;w
p;3,91;o;s;g;f;f;f;f;0;0;f;f;f;t;d;u
p;3,92;o;s;y;f;f;f;f;0;0;f;f;f;t;d;s
p;4,74;o;s;r;f;f;f;f;0;0;f;f;f;t;d;w
p;4,58;o;s;r;f;f;f;f;0;0;f;f;f;t;d;s
p;5,04;o;s;o;f;f;f;f;0;0;f;f;f;t;d;w
p;4,23;o;s;o;f;f;f;f;0;0;f;f;f;t;d;a
p;3,06;o;s;n;f;f;f;f;0;0;f;f;f;t;d;a
p;4,35;o;s;y;f;f;f;f;0;0;f;f;f;t;d;a
p;5,22;o;s;n;f;f;f;f;0;0;f;f;f;t;d;w
p;3,51;o;s;g;f;f;f;f;0;0;f;f;f;t;d;u
p;3,61;o;s;g;f;f;f;f;0;0;f;f;f;t;d;s
p;4,6;o;s;y;f;f;f;f;0;0;f;f;f;t;d;s
p;4,33;o;s;y;f;f;f;f;0;0;f;f;f;t;d;s
p;4,64;o;s;o;f;f;f;f;0;0;f;f;f;t;d;w
p;3,03;o;s;g;f;f;f;f;0;0;f;f;f;t;d;w
p;2,22;o;s;y;f;f;f;f;0;0;f;f;f;t;d;s
p;4,33;o;s;o;f;f;f;f;0;0;f;f;f;t;d;s
p;4,92;o;s;g;f;f;f;f;0;0;f;f;f;t;d;a
p;3,37;o;s;n;f;f;f;f;0;0;f;f;f;t;d;s
p;4,27;o;s;r;f;f;f;f;0;0;f;f;f;t;d;a
p;4,05;o;s;o;f;f;f;f;0;0;f;f;f;t;d;w
p;4,71;o;s;n;f;f;f;f;0;0;f;f;f;t;d;w
p;4,05;o;s;y;f;f;f;f;0;0;f;f;f;t;d;a
p;3,61;o;s;g;f;f;f;f;0;0;f;f;f;t;d;a
p;4,63;o;s;g;f;f;f;f;0;0;f;f;f;t;d;a
p;5,7;o;s;r;f;f;f;f;0;0;f;f;f;t;d;w
p;3,69;o;s;y;f;f;f;f;0;0;f;f;f;t;d;u
p;3,75;o;s;y;f;f;f;f;0;0;f;f;f;t;d;u
p;4,21;o;s;o;f;f;f;f;0;0;f;f;f;t;d;s
p;4,45;o;s;y;f;f;f;f;0;0;f;f;f;t;d;w
p;3,34;o;s;r;f;f;f;f;0;0;f;f;f;t;d;u
p;2,6;o;s;g;f;f;f;f;0;0;f;f;f;t;d;u
p;5,28;o;s;r;f;f;f;f;0;0;f;f;f;t;d;s
p;4,95;o;s;o;f;f;f;f;0;0;f;f;f;t;d;u
p;5,29;o;s;g;f;f;f;f;0;0;f;f;f;t;d;s
p;3,33;o;s;g;f;f;f;f;0;0;f;f;f;t;d;s
p;3,6;o;s;r;f;f;f;f;0;0;f;f;f;t;d;s
p;3,86;o;s;r;f;f;f;f;0;0;f;f;f;t;d;u
p;4,18;o;s;y;f;f;f;f;0;0;f;f;f;t;d;s
p;2,67;o;s;o;f;f;f;f;0;0;f;f;f;t;d;w
p;3,16;o;s;o;f;f;f;f;0;0;f;f;f;t;d;s
p;3,64;o;s;r;f;f;f;f;0;0;f;f;f;t;d;w
p;3,61;o;s;o;f;f;f;f;0;0;f;f;f;t;d;u
p;4,04;o;s;o;f;f;f;f;0;0;f;f;f;t;d;s
p;4,8;o;s;o;f;f;f;f;0;0;f;f;f;t;d;w
p;3,99;o;s;r;f;f;f;f;0;0;f;f;f;t;d;s
p;5,29;o;s;g;f;f;f;f;0;0;f;f;f;t;d;a
p;3,51;o;s;g;f;f;f;f;0;0;f;f;f;t;d;s
p;5,04;o;s;n;f;f;f;f;0;0;f;f;f;t;d;w
p;3,72;o;s;o;f;f;f;f;0;0;f;f;f;t;d;u
p;3,91;o;s;y;f;f;f;f;0;0;f;f;f;t;d;u
p;3,62;o;s;g;f;f;f;f;0;0;f;f;f;t;d;u
p;3,44;o;s;r;f;f;f;f;0;0;f;f;f;t;d;s
p;2,05;o;s;o;f;f;f;f;0;0;f;f;f;t;d;s
p;4,26;o;s;y;f;f;f;f;0;0;f;f;f;t;d;w
p;3,34;o;s;g;f;f;f;f;0;0;f;f;f;t;d;w
p;3,66;o;s;g;f;f;f;f;0;0;f;f;f;t;d;s
p;4,84;o;s;g;f;f;f;f;0;0;f;f;f;t;d;u
p;4,56;o;s;n;f;f;f;f;0;0;f;f;f;t;d;s
p;3,8;o;s;o;f;f;f;f;0;0;f;f;f;t;d;s
p;3,83;o;s;o;f;f;f;f;0;0;f;f;f;t;d;w
p;2,93;o;s;o;f;f;f;f;0;0;f;f;f;t;d;w
p;6,15;o;s;g;f;f;f;f;0;0;f;f;f;t;d;a
p;3,99;o;s;o;f;f;f;f;0;0;f;f;f;t;d;a
p;2,84;o;s;n;f;f;f;f;0;0;f;f;f;t;d;w
p;4,21;o;s;n;f;f;f;f;0;0;f;f;f;t;d;s
p;5,24;o;s;g;f;f;f;f;0;0;f;f;f;t;d;a
p;5,52;o;s;g;f;f;f;f;0;0;f;f;f;t;d;u
p;4,16;o;s;y;f;f;f;f;0;0;f;f;f;t;d;w
p;4,75;o;s;g;f;f;f;f;0;0;f;f;f;t;d;u
p;3,8;o;s;o;f;f;f;f;0;0;f;f;f;t;d;u
p;4,14;o;s;y;f;f;f;f;0;0;f;f;f;t;d;u
p;3,19;o;s;g;f;f;f;f;0;0;f;f;f;t;d;w
p;4,53;o;s;g;f;f;f;f;0;0;f;f;f;t;d;a
p;5,11;o;s;o;f;f;f;f;0;0;f;f;f;t;d;a
p;4,51;o;s;y;f;f;f;f;0;0;f;f;f;t;d;s
p;4,22;o;s;o;f;f;f;f;0;0;f;f;f;t;d;u
p;5,75;o;s;g;f;f;f;f;0;0;f;f;f;t;d;u
p;3,56;o;s;y;f;f;f;f;0;0;f;f;f;t;d;a
p;3,19;o;s;r;f;f;f;f;0;0;f;f;f;t;d;u
p;3,9;o;s;g;f;f;f;f;0;0;f;f;f;t;d;w
p;3,7;o;s;g;f;f;f;f;0;0;f;f;f;t;d;a
p;3,86;o;s;o;f;f;f;f;0;0;f;f;f;t;d;s
p;4,15;o;s;g;f;f;f;f;0;0;f;f;f;t;d;u
p;3,97;o;s;g;f;f;f;f;0;0;f;f;f;t;d;a
p;3,99;o;s;y;f;f;f;f;0;0;f;f;f;t;d;u
p;4,46;o;s;n;f;f;f;f;0;0;f;f;f;t;d;w
p;4,8;o;s;n;f;f;f;f;0;0;f;f;f;t;d;s
p;3,43;o;s;g;f;f;f;f;0;0;f;f;f;t;d;a
p;5,14;o;s;n;f;f;f;f;0;0;f;f;f;t;d;u
p;3,78;o;s;o;f;f;f;f;0;0;f;f;f;t;d;u
p;3,52;o;s;r;f;f;f;f;0;0;f;f;f;t;d;a
p;3,62;o;s;n;f;f;f;f;0;0;f;f;f;t;d;s
p;4,32;o;s;o;f;f;f;f;0;0;f;f;f;t;d;w
p;4,17;o;s;y;f;f;f;f;0;0;f;f;f;t;d;s
p;3,43;o;s;n;f;f;f;f;0;0;f;f;f;t;d;a
p;4,16;o;s;o;f;f;f;f;0;0;f;f;f;t;d;w
p;3,95;o;s;n;f;f;f;f;0;0;f;f;f;t;d;u
p;4,69;o;s;n;f;f;f;f;0;0;f;f;f;t;d;w
p;3,66;o;s;r;f;f;f;f;0;0;f;f;f;t;d;a
p;3,97;o;s;r;f;f;f;f;0;0;f;f;f;t;d;w
p;4,72;o;s;n;f;f;f;f;0;0;f;f;f;t;d;u
p;2,95;o;s;y;f;f;f;f;0;0;f;f;f;t;d;w
p;4,28;o;s;y;f;f;f;f;0;0;f;f;f;t;d;a
p;3,6;o;s;r;f;f;f;f;0;0;f;f;f;t;d;a
p;3,63;o;s;g;f;f;f;f;0;0;f;f;f;t;d;u
p;4,5;o;s;o;f;f;f;f;0;0;f;f;f;t;d;u
p;3,98;o;s;r;f;f;f;f;0;0;f;f;f;t;d;s
p;3,36;o;s;r;f;f;f;f;0;0;f;f;f;t;d;u
p;3,08;o;s;n;f;f;f;f;0;0;f;f;f;t;d;u
p;4,11;o;s;y;f;f;f;f;0;0;f;f;f;t;d;u
p;4,49;o;s;g;f;f;f;f;0;0;f;f;f;t;d;w
p;3,9;o;s;g;f;f;f;f;0;0;f;f;f;t;d;s
p;3,76;o;s;n;f;f;f;f;0;0;f;f;f;t;d;s
p;3,47;o;s;n;f;f;f;f;0;0;f;f;f;t;d;w
p;4,29;o;s;n;f;f;f;f;0;0;f;f;f;t;d;w
p;3,7;o;s;n;f;f;f;f;0;0;f;f;f;t;d;s
p;3,67;o;s;r;f;f;f;f;0;0;f;f;f;t;d;a
p;3,62;o;s;n;f;f;f;f;0;0;f;f;f;t;d;a
p;3,51;o;s;n;f;f;f;f;0;0;f;f;f;t;d;a
p;4,81;o;s;o;f;f;f;f;0;0;f;f;f;t;d;a
p;3,52;o;s;y;f;f;f;f;0;0;f;f;f;t;d;s
p;4,09;o;s;r;f;f;f;f;0;0;f;f;f;t;d;a
p;2,85;o;s;g;f;f;f;f;0;0;f;f;f;t;d;w
p;3,91;o;s;o;f;f;f;f;0;0;f;f;f;t;d;u
p;4,77;o;s;g;f;f;f;f;0;0;f;f;f;t;d;w
p;4,28;o;s;n;f;f;f;f;0;0;f;f;f;t;d;w
p;3,11;o;s;y;f;f;f;f;0;0;f;f;f;t;d;s
p;2,69;o;s;g;f;f;f;f;0;0;f;f;f;t;d;w
p;4,01;o;s;n;f;f;f;f;0;0;f;f;f;t;d;w
p;4,09;o;s;g;f;f;f;f;0;0;f;f;f;t;d;s
p;3,96;o;s;r;f;f;f;f;0;0;f;f;f;t;d;a
p;3,95;o;s;r;f;f;f;f;0;0;f;f;f;t;d;u
p;5,51;o;s;y;f;f;f;f;0;0;f;f;f;t;d;s
p;3,86;o;s;y;f;f;f;f;0;0;f;f;f;t;d;u
p;4,9;o;s;n;f;f;f;f;0;0;f;f;f;t;d;s
p;4,08;o;s;r;f;f;f;f;0;0;f;f;f;t;d;u
p;3,7;o;s;g;f;f;f;f;0;0;f;f;f;t;d;s
p;4,03;o;s;o;f;f;f;f;0;0;f;f;f;t;d;s
p;4,37;o;s;y;f;f;f;f;0;0;f;f;f;t;d;w
p;4,46;o;s;n;f;f;f;f;0;0;f;f;f;t;d;u
p;3,91;o;s;o;f;f;f;f;0;0;f;f;f;t;d;s
p;3,91;o;s;g;f;f;f;f;0;0;f;f;f;t;d;s
p;3,79;o;s;n;f;f;f;f;0;0;f;f;f;t;d;w
p;4,19;o;s;o;f;f;f;f;0;0;f;f;f;t;d;u
p;4,39;o;s;n;f;f;f;f;0;0;f;f;f;t;d;s
p;3,54;o;s;o;f;f;f;f;0;0;f;f;f;t;d;a
p;3,36;o;s;o;f;f;f;f;0;0;f;f;f;t;d;a
p;4,14;o;s;o;f;f;f;f;0;0;f;f;f;t;d;u
p;3,63;o;s;g;f;f;f;f;0;0;f;f;f;t;d;s
p;3,55;o;s;r;f;f;f;f;0;0;f;f;f;t;d;a
p;3,79;o;s;o;f;f;f;f;0;0;f;f;f;t;d;a
p;3,64;o;s;y;f;f;f;f;0;0;f;f;f;t;d;w
p;3,47;o;s;r;f;f;f;f;0;0;f;f;f;t;d;w
p;4,66;o;s;o;f;f;f;f;0;0;f;f;f;t;d;a
p;4,12;o;s;o;f;f;f;f;0;0;f;f;f;t;d;w
p;4,59;o;s;r;f;f;f;f;0;0;f;f;f;t;d;u
p;4,83;o;s;o;f;f;f;f;0;0;f;f;f;t;d;w
p;5,73;o;s;y;f;f;f;f;0;0;f;f;f;t;d;a
p;3,97;o;s;o;f;f;f;f;0;0;f;f;f;t;d;u
p;3,02;o;s;r;f;f;f;f;0;0;f;f;f;t;d;w
p;2,75;o;s;r;f;f;f;f;0;0;f;f;f;t;d;w
p;5,04;o;s;o;f;f;f;f;0;0;f;f;f;t;d;s
p;4,29;o;s;g;f;f;f;f;0;0;f;f;f;t;d;s
p;3,98;o;s;o;f;f;f;f;0;0;f;f;f;t;d;a
p;3,63;o;s;y;f;f;f;f;0;0;f;f;f;t;d;u
p;4,53;o;s;r;f;f;f;f;0;0;f;f;f;t;d;u
p;2,98;o;s;g;f;f;f;f;0;0;f;f;f;t;d;a
p;2,91;o;s;g;f;f;f;f;0;0;f;f;f;t;d;u
p;3,29;o;s;g;f;f;f;f;0;0;f;f;f;t;d;w
p;4,48;o;s;y;f;f;f;f;0;0;f;f;f;t;d;w
p;5,09;o;s;y;f;f;f;f;0;0;f;f;f;t;d;s
p;4,29;o;s;g;f;f;f;f;0;0;f;f;f;t;d;w
p;3,95;o;s;y;f;f;f;f;0;0;f;f;f;t;d;u
p;4,27;o;s;r;f;f;f;f;0;0;f;f;f;t;d;u
p;2,72;o;s;o;f;f;f;f;0;0;f;f;f;t;d;w
p;5,17;o;s;r;f;f;f;f;0;0;f;f;f;t;d;u
p;4,04;o;s;y;f;f;f;f;0;0;f;f;f;t;d;u
p;4,9;o;s;n;f;f;f;f;0;0;f;f;f;t;d;a
p;2,8;o;s;g;f;f;f;f;0;0;f;f;f;t;d;s
p;4,03;o;s;g;f;f;f;f;0;0;f;f;f;t;d;a
p;4,13;o;s;r;f;f;f;f;0;0;f;f;f;t;d;u
p;4,95;o;s;n;f;f;f;f;0;0;f;f;f;t;d;u
p;4,76;o;s;g;f;f;f;f;0;0;f;f;f;t;d;w
p;4,8;o;s;n;f;f;f;f;0;0;f;f;f;t;d;u
p;3,83;o;s;y;f;f;f;f;0;0;f;f;f;t;d;w
p;4,08;o;s;n;f;f;f;f;0;0;f;f;f;t;d;s
p;4,76;o;s;g;f;f;f;f;0;0;f;f;f;t;d;u
p;4,37;o;s;y;f;f;f;f;0;0;f;f;f;t;d;a
p;4,19;o;s;o;f;f;f;f;0;0;f;f;f;t;d;a
p;4,11;o;s;r;f;f;f;f;0;0;f;f;f;t;d;u
p;4,06;o;s;r;f;f;f;f;0;0;f;f;f;t;d;w
p;4,68;o;s;y;f;f;f;f;0;0;f;f;f;t;d;s
p;4,89;o;s;o;f;f;f;f;0;0;f;f;f;t;d;w
p;4,55;o;s;n;f;f;f;f;0;0;f;f;f;t;d;w
p;4,23;o;s;g;f;f;f;f;0;0;f;f;f;t;d;s
p;4,36;o;s;n;f;f;f;f;0;0;f;f;f;t;d;w
p;3,75;o;s;g;f;f;f;f;0;0;f;f;f;t;d;s
p;3,69;o;s;y;f;f;f;f;0;0;f;f;f;t;d;a
p;3,86;o;s;o;f;f;f;f;0;0;f;f;f;t;d;u
p;4,37;o;s;n;f;f;f;f;0;0;f;f;f;t;d;a
p;4,53;o;s;o;f;f;f;f;0;0;f;f;f;t;d;s
p;3,55;o;s;r;f;f;f;f;0;0;f;f;f;t;d;w
p;3,78;o;s;r;f;f;f;f;0;0;f;f;f;t;d;a
p;3,38;o;s;n;f;f;f;f;0;0;f;f;f;t;d;s
p;3,93;o;s;o;f;f;f;f;0;0;f;f;f;t;d;w
p;4,07;o;s;y;f;f;f;f;0;0;f;f;f;t;d;s
p;4,99;o;s;y;f;f;f;f;0;0;f;f;f;t;d;w
p;3,87;o;s;o;f;f;f;f;0;0;f;f;f;t;d;w
p;5,23;o;s;r;f;f;f;f;0;0;f;f;f;t;d;s
p;3,79;o;s;y;f;f;f;f;0;0;f;f;f;t;d;a
p;4,64;o;s;o;f;f;f;f;0;0;f;f;f;t;d;w
p;4,5;o;s;r;f;f;f;f;0;0;f;f;f;t;d;w
p;3,45;o;s;g;f;f;f;f;0;0;f;f;f;t;d;w
p;3,72;o;s;y;f;f;f;f;0;0;f;f;f;t;d;w
p;3,59;o;s;n;f;f;f;f;0;0;f;f;f;t;d;w
p;4,33;o;s;g;f;f;f;f;0;0;f;f;f;t;d;s
p;4,59;o;s;r;f;f;f;f;0;0;f;f;f;t;d;s
p;4,64;o;s;o;f;f;f;f;0;0;f;f;f;t;d;w
p;5,12;o;s;n;f;f;f;f;0;0;f;f;f;t;d;a
p;5,09;o;s;n;f;f;f;f;0;0;f;f;f;t;d;w
p;4,55;o;s;g;f;f;f;f;0;0;f;f;f;t;d;s
p;3,43;o;s;y;f;f;f;f;0;0;f;f;f;t;d;s
p;4,63;o;s;r;f;f;f;f;0;0;f;f;f;t;d;a
p;5,37;o;s;o;f;f;f;f;0;0;f;f;f;t;d;s
p;4,63;o;s;r;f;f;f;f;0;0;f;f;f;t;d;s
p;4,49;o;s;r;f;f;f;f;0;0;f;f;f;t;d;u
p;2,63;o;s;y;f;f;f;f;0;0;f;f;f;t;d;a
p;4,75;o;s;g;f;f;f;f;0;0;f;f;f;t;d;a
p;3,97;o;s;g;f;f;f;f;0;0;f;f;f;t;d;a
p;3,81;o;s;r;f;f;f;f;0;0;f;f;f;t;d;w
p;4,68;o;s;r;f;f;f;f;0;0;f;f;f;t;d;a
p;3,81;o;s;y;f;f;f;f;0;0;f;f;f;t;d;u
p;4,18;o;s;r;f;f;f;f;0;0;f;f;f;t;d;u
p;3,98;o;s;o;f;f;f;f;0;0;f;f;f;t;d;s
p;3,63;o;s;y;f;f;f;f;0;0;f;f;f;t;d;w
p;4,77;o;s;y;f;f;f;f;0;0;f;f;f;t;d;w
p;4,72;o;s;n;f;f;f;f;0;0;f;f;f;t;d;u
p;3,96;o;s;g;f;f;f;f;0;0;f;f;f;t;d;u
p;3,67;o;s;g;f;f;f;f;0;0;f;f;f;t;d;w
p;3,63;o;s;r;f;f;f;f;0;0;f;f;f;t;d;s
p;4,29;o;s;n;f;f;f;f;0;0;f;f;f;t;d;a
p;4,12;o;s;y;f;f;f;f;0;0;f;f;f;t;d;s
p;2,68;o;s;o;f;f;f;f;0;0;f;f;f;t;d;a
p;3,5;o;s;o;f;f;f;f;0;0;f;f;f;t;d;s
p;3,24;o;s;y;f;f;f;f;0;0;f;f;f;t;d;w
p;4,24;o;s;y;f;f;f;f;0;0;f;f;f;t;d;s
p;2,39;o;s;y;f;f;f;f;0;0;f;f;f;t;d;s
p;3,73;o;s;o;f;f;f;f;0;0;f;f;f;t;d;a
p;4,27;o;s;o;f;f;f;f;0;0;f;f;f;t;d;s
p;1,81;o;s;r;f;f;f;f;0;0;f;f;f;t;d;w
p;3,93;o;s;g;f;f;f;f;0;0;f;f;f;t;d;w
p;4,56;o;s;y;f;f;f;f;0;0;f;f;f;t;d;s
p;4,09;o;s;o;f;f;f;f;0;0;f;f;f;t;d;s
p;3,84;o;s;y;f;f;f;f;0;0;f;f;f;t;d;s
p;4,38;o;s;g;f;f;f;f;0;0;f;f;f;t;d;u
p;4,39;o;s;r;f;f;f;f;0;0;f;f;f;t;d;w
p;4,11;o;s;y;f;f;f;f;0;0;f;f;f;t;d;a
p;4,17;o;s;r;f;f;f;f;0;0;f;f;f;t;d;a
p;2,78;o;s;o;f;f;f;f;0;0;f;f;f;t;d;a
p;4,09;o;s;g;f;f;f;f;0;0;f;f;f;t;d;w
p;3,26;o;s;n;f;f;f;f;0;0;f;f;f;t;d;u
p;4,11;o;s;o;f;f;f;f;0;0;f;f;f;t;d;s
p;3,6;o;s;o;f;f;f;f;0;0;f;f;f;t;d;u
p;3,11;o;l;g;f;f;f;f;0;0;f;f;f;f;d;a
p;2,53;o;l;g;f;f;f;f;0;0;f;f;f;f;d;w
p;3,31;o;l;g;f;f;f;f;0;0;f;f;f;f;d;u
p;2,58;o;l;g;f;f;f;f;0;0;f;f;f;f;d;u
p;2,64;o;l;g;f;f;f;f;0;0;f;f;f;f;d;w
p;2,27;o;l;g;f;f;f;f;0;0;f;f;f;f;d;s
p;3,07;o;l;g;f;f;f;f;0;0;f;f;f;f;d;a
p;3,72;o;l;g;f;f;f;f;0;0;f;f;f;f;d;u
p;2,73;o;l;g;f;f;f;f;0;0;f;f;f;f;d;a
p;2,99;o;l;g;f;f;f;f;0;0;f;f;f;f;d;w
p;3,25;o;l;g;f;f;f;f;0;0;f;f;f;f;d;u
p;3,05;o;l;g;f;f;f;f;0;0;f;f;f;f;d;u
p;3,29;o;l;g;f;f;f;f;0;0;f;f;f;f;d;s
p;2,87;o;l;g;f;f;f;f;0;0;f;f;f;f;d;s
p;3,18;o;l;g;f;f;f;f;0;0;f;f;f;f;d;w
p;3,06;o;l;g;f;f;f;f;0;0;f;f;f;f;d;u
p;2,63;o;l;g;f;f;f;f;0;0;f;f;f;f;d;a
p;2,31;o;l;g;f;f;f;f;0;0;f;f;f;f;d;u
p;2,9;o;l;g;f;f;f;f;0;0;f;f;f;f;d;w
p;3,52;o;l;g;f;f;f;f;0;0;f;f;f;f;d;s
p;3,27;o;l;g;f;f;f;f;0;0;f;f;f;f;d;u
p;3,38;o;l;g;f;f;f;f;0;0;f;f;f;f;d;a
p;3,06;o;l;g;f;f;f;f;0;0;f;f;f;f;d;s
p;3,47;o;l;g;f;f;f;f;0;0;f;f;f;f;d;u
p;3,45;o;l;g;f;f;f;f;0;0;f;f;f;f;d;w
p;3,23;o;l;g;f;f;f;f;0;0;f;f;f;f;d;w
p;2,95;o;l;g;f;f;f;f;0;0;f;f;f;f;d;s
p;3,12;o;l;g;f;f;f;f;0;0;f;f;f;f;d;w
p;2,68;o;l;g;f;f;f;f;0;0;f;f;f;f;d;w
p;2,54;o;l;g;f;f;f;f;0;0;f;f;f;f;d;w
p;2,91;o;l;g;f;f;f;f;0;0;f;f;f;f;d;u
p;2,71;o;l;g;f;f;f;f;0;0;f;f;f;f;d;s
p;3;o;l;g;f;f;f;f;0;0;f;f;f;f;d;a
p;3,18;o;l;g;f;f;f;f;0;0;f;f;f;f;d;a
p;3,39;o;l;g;f;f;f;f;0;0;f;f;f;f;d;w
p;3,33;o;l;g;f;f;f;f;0;0;f;f;f;f;d;s
p;2,9;o;l;g;f;f;f;f;0;0;f;f;f;f;d;w
p;3,61;o;l;g;f;f;f;f;0;0;f;f;f;f;d;s
p;2,88;o;l;g;f;f;f;f;0;0;f;f;f;f;d;u
p;3,39;o;l;g;f;f;f;f;0;0;f;f;f;f;d;w
p;2,99;o;l;g;f;f;f;f;0;0;f;f;f;f;d;s
p;3,05;o;l;g;f;f;f;f;0;0;f;f;f;f;d;u
p;2,94;o;l;g;f;f;f;f;0;0;f;f;f;f;d;u
p;3,42;o;l;g;f;f;f;f;0;0;f;f;f;f;d;w
p;3,14;o;l;g;f;f;f;f;0;0;f;f;f;f;d;a
p;3,04;o;l;g;f;f;f;f;0;0;f;f;f;f;d;w
p;3,13;o;l;g;f;f;f;f;0;0;f;f;f;f;d;s
p;2,99;o;l;g;f;f;f;f;0;0;f;f;f;f;d;a
p;3,03;o;l;g;f;f;f;f;0;0;f;f;f;f;d;s
p;3,07;o;l;g;f;f;f;f;0;0;f;f;f;f;d;a
p;2,96;o;l;g;f;f;f;f;0;0;f;f;f;f;d;w
p;3,15;o;l;g;f;f;f;f;0;0;f;f;f;f;d;w
p;2,87;o;l;g;f;f;f;f;0;0;f;f;f;f;d;s
p;3,13;o;l;g;f;f;f;f;0;0;f;f;f;f;d;a
p;3,21;o;l;g;f;f;f;f;0;0;f;f;f;f;d;w
p;3,14;o;l;g;f;f;f;f;0;0;f;f;f;f;d;s
p;3,41;o;l;g;f;f;f;f;0;0;f;f;f;f;d;w
p;2,49;o;l;g;f;f;f;f;0;0;f;f;f;f;d;w
p;3,13;o;l;g;f;f;f;f;0;0;f;f;f;f;d;w
p;2,55;o;l;g;f;f;f;f;0;0;f;f;f;f;d;a
p;3,17;o;l;g;f;f;f;f;0;0;f;f;f;f;d;u
p;2,86;o;l;g;f;f;f;f;0;0;f;f;f;f;d;w
p;3,15;o;l;g;f;f;f;f;0;0;f;f;f;f;d;w
p;3,05;o;l;g;f;f;f;f;0;0;f;f;f;f;d;s
p;3,6;o;l;g;f;f;f;f;0;0;f;f;f;f;d;w
p;2,99;o;l;g;f;f;f;f;0;0;f;f;f;f;d;u
p;3,27;o;l;g;f;f;f;f;0;0;f;f;f;f;d;u
p;2,77;o;l;g;f;f;f;f;0;0;f;f;f;f;d;a
p;2,93;o;l;g;f;f;f;f;0;0;f;f;f;f;d;w
p;3,18;o;l;g;f;f;f;f;0;0;f;f;f;f;d;w
p;3,12;o;l;g;f;f;f;f;0;0;f;f;f;f;d;s
p;2,81;o;l;g;f;f;f;f;0;0;f;f;f;f;d;s
p;3,36;o;l;g;f;f;f;f;0;0;f;f;f;f;d;a
p;2,91;o;l;g;f;f;f;f;0;0;f;f;f;f;d;u
p;2,62;o;l;g;f;f;f;f;0;0;f;f;f;f;d;u
p;2,98;o;l;g;f;f;f;f;0;0;f;f;f;f;d;s
p;3,07;o;l;g;f;f;f;f;0;0;f;f;f;f;d;u
p;3,13;o;l;g;f;f;f;f;0;0;f;f;f;f;d;s
p;3,34;o;l;g;f;f;f;f;0;0;f;f;f;f;d;a
p;3,25;o;l;g;f;f;f;f;0;0;f;f;f;f;d;u
p;3,17;o;l;g;f;f;f;f;0;0;f;f;f;f;d;w
p;2,87;o;l;g;f;f;f;f;0;0;f;f;f;f;d;u
p;2,86;o;l;g;f;f;f;f;0;0;f;f;f;f;d;s
p;3,22;o;l;g;f;f;f;f;0;0;f;f;f;f;d;s
p;2,77;o;l;g;f;f;f;f;0;0;f;f;f;f;d;u
p;2,59;o;l;g;f;f;f;f;0;0;f;f;f;f;d;w
p;2,99;o;l;g;f;f;f;f;0;0;f;f;f;f;d;w
p;2,72;o;l;g;f;f;f;f;0;0;f;f;f;f;d;a
p;3,11;o;l;g;f;f;f;f;0;0;f;f;f;f;d;u
p;2,43;o;l;g;f;f;f;f;0;0;f;f;f;f;d;w
p;3,08;o;l;g;f;f;f;f;0;0;f;f;f;f;d;s
p;2,88;o;l;g;f;f;f;f;0;0;f;f;f;f;d;s
p;2,67;o;l;g;f;f;f;f;0;0;f;f;f;f;d;s
p;3,51;o;l;g;f;f;f;f;0;0;f;f;f;f;d;u
p;2,99;o;l;g;f;f;f;f;0;0;f;f;f;f;d;s
p;2,43;o;l;g;f;f;f;f;0;0;f;f;f;f;d;w
p;3,1;o;l;g;f;f;f;f;0;0;f;f;f;f;d;s
p;2,7;o;l;g;f;f;f;f;0;0;f;f;f;f;d;s
p;2,49;o;l;g;f;f;f;f;0;0;f;f;f;f;d;s
p;3,52;o;l;g;f;f;f;f;0;0;f;f;f;f;d;u
p;3,29;o;l;g;f;f;f;f;0;0;f;f;f;f;d;u
p;3,18;o;l;g;f;f;f;f;0;0;f;f;f;f;d;w
p;3,16;o;l;g;f;f;f;f;0;0;f;f;f;f;d;u
p;2,76;o;l;g;f;f;f;f;0;0;f;f;f;f;d;w
p;3,18;o;l;g;f;f;f;f;0;0;f;f;f;f;d;u
p;2,88;o;l;g;f;f;f;f;0;0;f;f;f;f;d;u
p;3,01;o;l;g;f;f;f;f;0;0;f;f;f;f;d;w
p;2,34;o;l;g;f;f;f;f;0;0;f;f;f;f;d;s
p;3,28;o;l;g;f;f;f;f;0;0;f;f;f;f;d;w
p;2,95;o;l;g;f;f;f;f;0;0;f;f;f;f;d;a
p;3,19;o;l;g;f;f;f;f;0;0;f;f;f;f;d;w
p;3,11;o;l;g;f;f;f;f;0;0;f;f;f;f;d;s
p;2,78;o;l;g;f;f;f;f;0;0;f;f;f;f;d;a
p;3,43;o;l;g;f;f;f;f;0;0;f;f;f;f;d;a
p;2,94;o;l;g;f;f;f;f;0;0;f;f;f;f;d;s
p;3,32;o;l;g;f;f;f;f;0;0;f;f;f;f;d;u
p;2,96;o;l;g;f;f;f;f;0;0;f;f;f;f;d;u
p;3,16;o;l;g;f;f;f;f;0;0;f;f;f;f;d;s
p;3,25;o;l;g;f;f;f;f;0;0;f;f;f;f;d;a
p;3,05;o;l;g;f;f;f;f;0;0;f;f;f;f;d;s
p;2,99;o;l;g;f;f;f;f;0;0;f;f;f;f;d;a
p;3,04;o;l;g;f;f;f;f;0;0;f;f;f;f;d;u
p;2,88;o;l;g;f;f;f;f;0;0;f;f;f;f;d;s
p;2,74;o;l;g;f;f;f;f;0;0;f;f;f;f;d;s
p;2,74;o;l;g;f;f;f;f;0;0;f;f;f;f;d;a
p;3,02;o;l;g;f;f;f;f;0;0;f;f;f;f;d;u
p;3,72;o;l;g;f;f;f;f;0;0;f;f;f;f;d;u
p;3,57;o;l;g;f;f;f;f;0;0;f;f;f;f;d;u
p;3,47;o;l;g;f;f;f;f;0;0;f;f;f;f;d;w
p;2,47;o;l;g;f;f;f;f;0;0;f;f;f;f;d;w
p;3,14;o;l;g;f;f;f;f;0;0;f;f;f;f;d;w
p;2,7;o;l;g;f;f;f;f;0;0;f;f;f;f;d;w
p;2,69;o;l;g;f;f;f;f;0;0;f;f;f;f;d;w
p;2,7;o;l;g;f;f;f;f;0;0;f;f;f;f;d;a
p;3,23;o;l;g;f;f;f;f;0;0;f;f;f;f;d;a
p;3,38;o;l;g;f;f;f;f;0;0;f;f;f;f;d;w
p;2,33;o;l;g;f;f;f;f;0;0;f;f;f;f;d;w
p;2,81;o;l;g;f;f;f;f;0;0;f;f;f;f;d;a
p;3,16;o;l;g;f;f;f;f;0;0;f;f;f;f;d;a
p;3,81;o;l;g;f;f;f;f;0;0;f;f;f;f;d;a
p;2,89;o;l;g;f;f;f;f;0;0;f;f;f;f;d;u
p;3,04;o;l;g;f;f;f;f;0;0;f;f;f;f;d;s
p;2,51;o;l;g;f;f;f;f;0;0;f;f;f;f;d;s
p;2,66;o;l;g;f;f;f;f;0;0;f;f;f;f;d;a
p;2,58;o;l;g;f;f;f;f;0;0;f;f;f;f;d;s
p;2,88;o;l;g;f;f;f;f;0;0;f;f;f;f;d;w
p;3,56;o;l;g;f;f;f;f;0;0;f;f;f;f;d;s
p;2,79;o;l;g;f;f;f;f;0;0;f;f;f;f;d;u
p;3,04;o;l;g;f;f;f;f;0;0;f;f;f;f;d;a
p;3,4;o;l;g;f;f;f;f;0;0;f;f;f;f;d;a
p;2,7;o;l;g;f;f;f;f;0;0;f;f;f;f;d;s
p;2,35;o;l;g;f;f;f;f;0;0;f;f;f;f;d;u
p;2,93;o;l;g;f;f;f;f;0;0;f;f;f;f;d;u
p;2,37;o;l;g;f;f;f;f;0;0;f;f;f;f;d;w
p;3,02;o;l;g;f;f;f;f;0;0;f;f;f;f;d;s
p;3,06;o;l;g;f;f;f;f;0;0;f;f;f;f;d;a
p;2,44;o;l;g;f;f;f;f;0;0;f;f;f;f;d;s
p;3,11;o;l;g;f;f;f;f;0;0;f;f;f;f;d;u
p;3,24;o;l;g;f;f;f;f;0;0;f;f;f;f;d;u
p;3,47;o;l;g;f;f;f;f;0;0;f;f;f;f;d;w
p;3,07;o;l;g;f;f;f;f;0;0;f;f;f;f;d;s
p;2,35;o;l;g;f;f;f;f;0;0;f;f;f;f;d;a
p;2,51;o;l;g;f;f;f;f;0;0;f;f;f;f;d;a
p;2,82;o;l;g;f;f;f;f;0;0;f;f;f;f;d;u
p;2,71;o;l;g;f;f;f;f;0;0;f;f;f;f;d;s
p;3,22;o;l;g;f;f;f;f;0;0;f;f;f;f;d;u
p;2,95;o;l;g;f;f;f;f;0;0;f;f;f;f;d;a
p;3,26;o;l;g;f;f;f;f;0;0;f;f;f;f;d;w
p;3,56;o;l;g;f;f;f;f;0;0;f;f;f;f;d;s
p;3,45;o;l;g;f;f;f;f;0;0;f;f;f;f;d;u
p;2,92;o;l;g;f;f;f;f;0;0;f;f;f;f;d;a
p;3,91;o;l;g;f;f;f;f;0;0;f;f;f;f;d;s
p;3,33;o;l;g;f;f;f;f;0;0;f;f;f;f;d;a
p;3,29;o;l;g;f;f;f;f;0;0;f;f;f;f;d;s
p;3,05;o;l;g;f;f;f;f;0;0;f;f;f;f;d;a
p;3,15;o;l;g;f;f;f;f;0;0;f;f;f;f;d;u
p;2,13;o;l;g;f;f;f;f;0;0;f;f;f;f;d;u
p;3,21;o;l;g;f;f;f;f;0;0;f;f;f;f;d;a
p;2,98;o;l;g;f;f;f;f;0;0;f;f;f;f;d;a
p;3,71;o;l;g;f;f;f;f;0;0;f;f;f;f;d;u
p;3,46;o;l;g;f;f;f;f;0;0;f;f;f;f;d;s
p;3,11;o;l;g;f;f;f;f;0;0;f;f;f;f;d;a
p;2,8;o;l;g;f;f;f;f;0;0;f;f;f;f;d;s
p;3,15;o;l;g;f;f;f;f;0;0;f;f;f;f;d;a
p;2,8;o;l;g;f;f;f;f;0;0;f;f;f;f;d;u
p;3,04;o;l;g;f;f;f;f;0;0;f;f;f;f;d;s
p;3,17;o;l;g;f;f;f;f;0;0;f;f;f;f;d;s
p;2,99;o;l;g;f;f;f;f;0;0;f;f;f;f;d;a
p;2,76;o;l;g;f;f;f;f;0;0;f;f;f;f;d;a
p;3,17;o;l;g;f;f;f;f;0;0;f;f;f;f;d;w
p;2,98;o;l;g;f;f;f;f;0;0;f;f;f;f;d;a
p;2,5;o;l;g;f;f;f;f;0;0;f;f;f;f;d;a
p;3,23;o;l;g;f;f;f;f;0;0;f;f;f;f;d;u
p;2,53;o;l;g;f;f;f;f;0;0;f;f;f;f;d;s
p;3,26;o;l;g;f;f;f;f;0;0;f;f;f;f;d;s
p;2,66;o;l;g;f;f;f;f;0;0;f;f;f;f;d;a
p;2,08;o;l;g;f;f;f;f;0;0;f;f;f;f;d;a
p;3,65;o;l;g;f;f;f;f;0;0;f;f;f;f;d;a
p;2,74;o;l;g;f;f;f;f;0;0;f;f;f;f;d;u
p;3,12;o;l;g;f;f;f;f;0;0;f;f;f;f;d;w
p;3,08;o;l;g;f;f;f;f;0;0;f;f;f;f;d;u
p;3,01;o;l;g;f;f;f;f;0;0;f;f;f;f;d;s
p;3,6;o;l;g;f;f;f;f;0;0;f;f;f;f;d;w
p;2,93;o;l;g;f;f;f;f;0;0;f;f;f;f;d;w
p;2,92;o;l;g;f;f;f;f;0;0;f;f;f;f;d;u
p;2,69;o;l;g;f;f;f;f;0;0;f;f;f;f;d;a
p;3,13;o;l;g;f;f;f;f;0;0;f;f;f;f;d;u
p;2,98;o;l;g;f;f;f;f;0;0;f;f;f;f;d;a
p;2,75;o;l;g;f;f;f;f;0;0;f;f;f;f;d;u
p;2,98;o;l;g;f;f;f;f;0;0;f;f;f;f;d;w
p;3,54;o;l;g;f;f;f;f;0;0;f;f;f;f;d;s
p;2,93;o;l;g;f;f;f;f;0;0;f;f;f;f;d;a
p;3,36;o;l;g;f;f;f;f;0;0;f;f;f;f;d;u
p;2,94;o;l;g;f;f;f;f;0;0;f;f;f;f;d;w
p;3,24;o;l;g;f;f;f;f;0;0;f;f;f;f;d;w
p;2,61;o;l;g;f;f;f;f;0;0;f;f;f;f;d;u
p;3,23;o;l;g;f;f;f;f;0;0;f;f;f;f;d;u
p;2,53;o;l;g;f;f;f;f;0;0;f;f;f;f;d;s
p;3,25;o;l;g;f;f;f;f;0;0;f;f;f;f;d;w
p;3,27;o;l;g;f;f;f;f;0;0;f;f;f;f;d;w
p;3,02;o;l;g;f;f;f;f;0;0;f;f;f;f;d;a
p;2,72;o;l;g;f;f;f;f;0;0;f;f;f;f;d;w
p;3,62;o;l;g;f;f;f;f;0;0;f;f;f;f;d;s
p;3,94;o;l;g;f;f;f;f;0;0;f;f;f;f;d;u
p;3,26;o;l;g;f;f;f;f;0;0;f;f;f;f;d;s
p;2,55;o;l;g;f;f;f;f;0;0;f;f;f;f;d;u
p;3,36;o;l;g;f;f;f;f;0;0;f;f;f;f;d;s
p;2,77;o;l;g;f;f;f;f;0;0;f;f;f;f;d;a
p;2,74;o;l;g;f;f;f;f;0;0;f;f;f;f;d;u
p;2,98;o;l;g;f;f;f;f;0;0;f;f;f;f;d;w
p;2,83;o;l;g;f;f;f;f;0;0;f;f;f;f;d;u
p;3,05;o;l;g;f;f;f;f;0;0;f;f;f;f;d;u
p;2,84;o;l;g;f;f;f;f;0;0;f;f;f;f;d;a
p;2,93;o;l;g;f;f;f;f;0;0;f;f;f;f;d;a
p;2,73;o;l;g;f;f;f;f;0;0;f;f;f;f;d;a
p;2,79;o;l;g;f;f;f;f;0;0;f;f;f;f;d;w
p;2,3;o;l;g;f;f;f;f;0;0;f;f;f;f;d;u
p;2,31;o;l;g;f;f;f;f;0;0;f;f;f;f;d;s
p;3,06;o;l;g;f;f;f;f;0;0;f;f;f;f;d;s
p;3,12;o;l;g;f;f;f;f;0;0;f;f;f;f;d;w
p;2,92;o;l;g;f;f;f;f;0;0;f;f;f;f;d;w
p;2,37;o;l;g;f;f;f;f;0;0;f;f;f;f;d;s
p;3,15;o;l;g;f;f;f;f;0;0;f;f;f;f;d;w
p;3,49;o;l;g;f;f;f;f;0;0;f;f;f;f;d;u
p;3,16;o;l;g;f;f;f;f;0;0;f;f;f;f;d;u
p;2,98;o;l;g;f;f;f;f;0;0;f;f;f;f;d;s
p;3,25;o;l;g;f;f;f;f;0;0;f;f;f;f;d;w
p;2,33;o;l;g;f;f;f;f;0;0;f;f;f;f;d;s
p;3,18;o;l;g;f;f;f;f;0;0;f;f;f;f;d;a
p;2,66;o;l;g;f;f;f;f;0;0;f;f;f;f;d;u
p;3,28;o;l;g;f;f;f;f;0;0;f;f;f;f;d;a
p;2,95;o;l;g;f;f;f;f;0;0;f;f;f;f;d;s
p;3,36;o;l;g;f;f;f;f;0;0;f;f;f;f;d;a
p;2,85;o;l;g;f;f;f;f;0;0;f;f;f;f;d;a
p;2,98;o;l;g;f;f;f;f;0;0;f;f;f;f;d;a
p;2,75;o;l;g;f;f;f;f;0;0;f;f;f;f;d;u
p;3,03;o;l;g;f;f;f;f;0;0;f;f;f;f;d;u
p;2,86;o;l;g;f;f;f;f;0;0;f;f;f;f;d;w
p;2,44;o;l;g;f;f;f;f;0;0;f;f;f;f;d;a
p;3,04;o;l;g;f;f;f;f;0;0;f;f;f;f;d;a
p;2,69;o;l;g;f;f;f;f;0;0;f;f;f;f;d;w
p;2,25;o;l;g;f;f;f;f;0;0;f;f;f;f;d;s
p;2,99;o;l;g;f;f;f;f;0;0;f;f;f;f;d;w
p;2,98;o;l;g;f;f;f;f;0;0;f;f;f;f;d;s
p;3,23;o;l;g;f;f;f;f;0;0;f;f;f;f;d;u
p;3,05;o;l;g;f;f;f;f;0;0;f;f;f;f;d;w
p;2,8;o;l;g;f;f;f;f;0;0;f;f;f;f;d;w
p;3,17;o;l;g;f;f;f;f;0;0;f;f;f;f;d;u
p;2,32;o;l;g;f;f;f;f;0;0;f;f;f;f;d;w
p;3,04;o;l;g;f;f;f;f;0;0;f;f;f;f;d;s
p;3,21;o;l;g;f;f;f;f;0;0;f;f;f;f;d;u
p;3,47;o;l;g;f;f;f;f;0;0;f;f;f;f;d;w
p;2,79;o;l;g;f;f;f;f;0;0;f;f;f;f;d;s
p;3,11;o;l;g;f;f;f;f;0;0;f;f;f;f;d;s
p;2,92;o;l;g;f;f;f;f;0;0;f;f;f;f;d;w
p;3,14;o;l;g;f;f;f;f;0;0;f;f;f;f;d;w
p;3,22;o;l;g;f;f;f;f;0;0;f;f;f;f;d;a
p;3,06;o;l;g;f;f;f;f;0;0;f;f;f;f;d;a
p;2,9;o;l;g;f;f;f;f;0;0;f;f;f;f;d;w
p;2,8;o;l;g;f;f;f;f;0;0;f;f;f;f;d;a
p;3,12;o;l;g;f;f;f;f;0;0;f;f;f;f;d;u
p;2,38;o;l;g;f;f;f;f;0;0;f;f;f;f;d;a
p;3,42;o;l;g;f;f;f;f;0;0;f;f;f;f;d;w
p;2,47;o;l;g;f;f;f;f;0;0;f;f;f;f;d;w
p;3,15;o;l;g;f;f;f;f;0;0;f;f;f;f;d;u
p;3,44;o;l;g;f;f;f;f;0;0;f;f;f;f;d;u
p;2,76;o;l;g;f;f;f;f;0;0;f;f;f;f;d;w
p;3,35;o;l;g;f;f;f;f;0;0;f;f;f;f;d;s
p;2,71;o;l;g;f;f;f;f;0;0;f;f;f;f;d;w
p;2,99;o;l;g;f;f;f;f;0;0;f;f;f;f;d;u
p;2,83;o;l;g;f;f;f;f;0;0;f;f;f;f;d;w
p;2,71;o;l;g;f;f;f;f;0;0;f;f;f;f;d;a
p;2,65;o;l;g;f;f;f;f;0;0;f;f;f;f;d;s
p;3,13;o;l;g;f;f;f;f;0;0;f;f;f;f;d;a
p;2,48;o;l;g;f;f;f;f;0;0;f;f;f;f;d;u
p;3,79;o;l;g;f;f;f;f;0;0;f;f;f;f;d;s
p;2,97;o;l;g;f;f;f;f;0;0;f;f;f;f;d;w
p;3,21;o;l;g;f;f;f;f;0;0;f;f;f;f;d;u
p;3,03;o;l;g;f;f;f;f;0;0;f;f;f;f;d;u
p;3,09;o;l;g;f;f;f;f;0;0;f;f;f;f;d;a
p;3,37;o;l;g;f;f;f;f;0;0;f;f;f;f;d;s
p;2,93;o;l;g;f;f;f;f;0;0;f;f;f;f;d;a
p;3,42;o;l;g;f;f;f;f;0;0;f;f;f;f;d;a
p;3,31;o;l;g;f;f;f;f;0;0;f;f;f;f;d;u
p;3,2;o;l;g;f;f;f;f;0;0;f;f;f;f;d;w
p;2,44;o;l;g;f;f;f;f;0;0;f;f;f;f;d;s
p;3,3;o;l;g;f;f;f;f;0;0;f;f;f;f;d;u
p;2,82;o;l;g;f;f;f;f;0;0;f;f;f;f;d;u
p;3,13;o;l;g;f;f;f;f;0;0;f;f;f;f;d;a
p;2,97;o;l;g;f;f;f;f;0;0;f;f;f;f;d;s
p;2,48;o;l;g;f;f;f;f;0;0;f;f;f;f;d;a
p;3,4;o;l;g;f;f;f;f;0;0;f;f;f;f;d;s
p;3,37;o;l;g;f;f;f;f;0;0;f;f;f;f;d;w
p;3,23;o;l;g;f;f;f;f;0;0;f;f;f;f;d;a
p;3,49;o;l;g;f;f;f;f;0;0;f;f;f;f;d;w
p;2,45;o;l;g;f;f;f;f;0;0;f;f;f;f;d;u
p;2,78;o;l;g;f;f;f;f;0;0;f;f;f;f;d;u
p;2,34;o;l;g;f;f;f;f;0;0;f;f;f;f;d;w
p;3,25;o;l;g;f;f;f;f;0;0;f;f;f;f;d;s
p;3,32;o;l;g;f;f;f;f;0;0;f;f;f;f;d;a
p;3,2;o;l;g;f;f;f;f;0;0;f;f;f;f;d;w
p;3,03;o;l;g;f;f;f;f;0;0;f;f;f;f;d;s
p;2,97;o;l;g;f;f;f;f;0;0;f;f;f;f;d;w
p;3,38;o;l;g;f;f;f;f;0;0;f;f;f;f;d;u
p;2,16;o;l;g;f;f;f;f;0;0;f;f;f;f;d;u
p;3,19;o;l;g;f;f;f;f;0;0;f;f;f;f;d;a
p;2,45;o;l;g;f;f;f;f;0;0;f;f;f;f;d;u
p;3,74;o;l;g;f;f;f;f;0;0;f;f;f;f;d;a
p;3,41;o;l;g;f;f;f;f;0;0;f;f;f;f;d;s
p;3,05;o;l;g;f;f;f;f;0;0;f;f;f;f;d;s
p;3,22;o;l;g;f;f;f;f;0;0;f;f;f;f;d;a
p;3,36;o;l;g;f;f;f;f;0;0;f;f;f;f;d;s
p;3,16;o;l;g;f;f;f;f;0;0;f;f;f;f;d;u
p;3,16;o;l;g;f;f;f;f;0;0;f;f;f;f;d;s
p;3,13;o;l;g;f;f;f;f;0;0;f;f;f;f;d;w
p;2,66;o;l;g;f;f;f;f;0;0;f;f;f;f;d;w
p;2,95;o;l;g;f;f;f;f;0;0;f;f;f;f;d;u
p;3,31;o;l;g;f;f;f;f;0;0;f;f;f;f;d;w
p;3,21;o;l;g;f;f;f;f;0;0;f;f;f;f;d;u
p;3;o;l;g;f;f;f;f;0;0;f;f;f;f;d;s
p;3,6;o;l;g;f;f;f;f;0;0;f;f;f;f;d;w
p;2,76;o;l;g;f;f;f;f;0;0;f;f;f;f;d;w
p;2,21;o;l;g;f;f;f;f;0;0;f;f;f;f;d;w
p;3,34;o;l;g;f;f;f;f;0;0;f;f;f;f;d;w
p;3,06;o;l;g;f;f;f;f;0;0;f;f;f;f;d;s
p;2,94;o;l;g;f;f;f;f;0;0;f;f;f;f;d;u
p;2,28;o;l;g;f;f;f;f;0;0;f;f;f;f;d;a
p;3,3;o;l;g;f;f;f;f;0;0;f;f;f;f;d;u
p;2,54;o;l;g;f;f;f;f;0;0;f;f;f;f;d;u
p;3,13;o;l;g;f;f;f;f;0;0;f;f;f;f;d;w
p;2,83;o;l;g;f;f;f;f;0;0;f;f;f;f;d;u
p;3,83;o;l;g;f;f;f;f;0;0;f;f;f;f;d;s
p;3,18;o;l;g;f;f;f;f;0;0;f;f;f;f;d;a
